<?xml version="1.0" encoding="UTF-8"?>
<MISRA-C-Report-Summary>
<File Mode="advisory" Error="0" Warning="2" Total="2">
<Name>
C:\Component\CM680A_HwTq2Meas_Impl\src\CDD_HwTq2Meas.c</Name>
</File>
<File Mode="required" Error="0" Warning="12" Total="12">
<Name>
C:\Component\CM680A_HwTq2Meas_Impl\src\CDD_HwTq2Meas.c</Name>
</File>
<Rule Name="8.10" Count="10" Mode="required" Severity="warning">
<Message>
</Message>
</Rule>
<Rule Name="19.1" Count="2" Mode="advisory" Severity="warning">
<Message>
#include statements in a file shall only be preceded by other preprocessor directives or comments.</Message>
</Rule>
<Rule Name="16.10" Count="1" Mode="required" Severity="warning">
<Message>
If a function returns error information, then that error information should be tested.</Message>
</Rule>
<Rule Name="8.1" Count="1" Mode="required" Severity="warning">
<Message>
Function '__SYNCM' has no complete visible prototype at call.</Message>
</Rule>
</MISRA-C-Report-Summary>
