<?xml version="1.0" encoding="UTF-8"?>

<MISRA-C-Report version="1.3">


<CodeStruct Name="" File="C:\Component\CM300A_Adc0CfgAndUse_Impl\src\CDD_Adc0CfgAndUse.c" Line="0" Column="0">

<Rule Name="19.1" Mode="advisory" Report="warning" Id="1">
<Loc File="C:\Component\CM300A_Adc0CfgAndUse_Impl\src\CDD_Adc0CfgAndUse.c" Line="191" Column="0">
</Loc>
<Message>
#include statements in a file shall only be preceded by other preprocessor directives or comments.
</Message>
</Rule>

</CodeStruct>

<CodeStruct Name="Adc0CfgAndUseInit1" File="C:\Component\CM300A_Adc0CfgAndUse_Impl\src\CDD_Adc0CfgAndUse.c" Line="97" Column="5">

<Rule Name="21.1" Mode="required" Report="warning" Id="2">
<Loc File="C:\Component\CM300A_Adc0CfgAndUse_Impl\src\CDD_Adc0CfgAndUse.c" Line="180" Column="8">
</Loc>
<Message>
Minimisation of run-time failures.
</Message>
</Rule>

<Rule Name="21.1" Mode="required" Report="warning" Id="3">
<Loc File="C:\Component\CM300A_Adc0CfgAndUse_Impl\src\CDD_Adc0CfgAndUse.c" Line="180" Column="37">
</Loc>
<Message>
Minimisation of run-time failures.
</Message>
</Rule>

<Rule Name="21.1" Mode="required" Report="warning" Id="4">
<Loc File="C:\Component\CM300A_Adc0CfgAndUse_Impl\src\CDD_Adc0CfgAndUse.c" Line="181" Column="8">
</Loc>
<Message>
Minimisation of run-time failures.
</Message>
</Rule>

</CodeStruct>

</MISRA-C-Report>
