<?xml version="1.0" encoding="UTF-8"?>
<MISRA-C-Report-Summary>
<File Mode="advisory" Error="0" Warning="2" Total="2">
<Name>
C:\Component\SF011A_EotLrng_Impl_3.0.0\src\EotLrng.c</Name>
</File>
<File Mode="required" Error="0" Warning="25" Total="25">
<Name>
C:\Component\SF011A_EotLrng_Impl_3.0.0\src\EotLrng.c</Name>
</File>
<Rule Name="12.4" Count="17" Mode="required" Severity="warning">
<Message>
The right hand operand of a logical &amp;&amp; or || operator shall not contain side effects.</Message>
</Rule>
<Rule Name="8.10" Count="8" Mode="required" Severity="warning">
<Message>
</Message>
</Rule>
<Rule Name="19.1" Count="2" Mode="advisory" Severity="warning">
<Message>
#include statements in a file shall only be preceded by other preprocessor directives or comments.</Message>
</Rule>
</MISRA-C-Report-Summary>
