<?xml version="1.0" encoding="UTF-8"?>

<MISRA-C-Report version="1.3">


<CodeStruct Name="" File="C:\Component\SF040A_MotVel_Impl\src\CDD_MotVel.c" Line="0" Column="0">

<Rule Name="19.1" Mode="advisory" Report="warning" Id="5">
<Loc File="C:\Component\SF040A_MotVel_Impl\src\CDD_MotVel.c" Line="352" Column="0">
</Loc>
<Message>
#include statements in a file shall only be preceded by other preprocessor directives or comments.
</Message>
</Rule>

</CodeStruct>

<CodeStruct Name="" File="C:\Component\SF040A_MotVel_Impl\include\CDD_MotVel_MotCtrl_MemMap.h" Line="0" Column="0">

<Rule Name="19.15" Mode="required" Report="warning" Id="2">
<Loc File="C:\Component\SF040A_MotVel_Impl\include\CDD_MotVel_MotCtrl_MemMap.h" Line="1" Column="0">
</Loc>
<Message>
Precautions shall be taken in order to prevent the contents of a header file being included twice.
</Message>
</Rule>

<Rule Name="19.6" Mode="required" Report="warning" Id="3">
<Loc File="C:\Component\SF040A_MotVel_Impl\include\CDD_MotVel_MotCtrl_MemMap.h" Line="25" Column="0">
</Loc>
<Message>
#undef shall not be used.
</Message>
</Rule>

<Rule Name="19.6" Mode="required" Report="warning" Id="4">
<Loc File="C:\Component\SF040A_MotVel_Impl\include\CDD_MotVel_MotCtrl_MemMap.h" Line="31" Column="0">
</Loc>
<Message>
#undef shall not be used.
</Message>
</Rule>

</CodeStruct>

<CodeStruct Name="" File="C:\Component\SF040A_MotVel_Impl\src\CDD_MotVel_MotCtrl.c" Line="0" Column="0">

<Rule Name="19.1" Mode="advisory" Report="warning" Id="1">
<Loc File="C:\Component\SF040A_MotVel_Impl\src\CDD_MotVel_MotCtrl.c" Line="67" Column="0">
</Loc>
<Message>
#include statements in a file shall only be preceded by other preprocessor directives or comments.
</Message>
</Rule>

</CodeStruct>

<CodeStruct Name="MotVelPer1" File="C:\Component\SF040A_MotVel_Impl\src\CDD_MotVel_MotCtrl.c" Line="56" Column="5">

<Rule Name="21.1" Mode="required" Report="warning" Id="6">
<Loc File="C:\Component\SF040A_MotVel_Impl\src\CDD_MotVel_MotCtrl.c" Line="58" Column="29">
</Loc>
<Message>
Minimisation of run-time failures.
</Message>
</Rule>

<Rule Name="21.1" Mode="required" Report="warning" Id="7">
<Loc File="C:\Component\SF040A_MotVel_Impl\src\CDD_MotVel_MotCtrl.c" Line="58" Column="30">
</Loc>
<Message>
Minimisation of run-time failures.
</Message>
</Rule>

<Rule Name="21.1" Mode="required" Report="warning" Id="8">
<Loc File="C:\Component\SF040A_MotVel_Impl\src\CDD_MotVel_MotCtrl.c" Line="58" Column="51">
</Loc>
<Message>
Minimisation of run-time failures.
</Message>
</Rule>

</CodeStruct>

<CodeStruct Name="MotVelPer2" File="C:\Component\SF040A_MotVel_Impl\src\CDD_MotVel.c" Line="190" Column="5">

<Rule Name="21.1" Mode="required" Report="warning" Id="9">
<Loc File="C:\Component\SF040A_MotVel_Impl\src\CDD_MotVel.c" Line="234" Column="22">
</Loc>
<Message>
Minimisation of run-time failures.
</Message>
</Rule>

<Rule Name="21.1" Mode="required" Report="warning" Id="10">
<Loc File="C:\Component\SF040A_MotVel_Impl\src\CDD_MotVel.c" Line="234" Column="51">
</Loc>
<Message>
Minimisation of run-time failures.
</Message>
</Rule>

<Rule Name="21.1" Mode="required" Report="warning" Id="11">
<Loc File="C:\Component\SF040A_MotVel_Impl\src\CDD_MotVel.c" Line="235" Column="44">
</Loc>
<Message>
Minimisation of run-time failures.
</Message>
</Rule>

<Rule Name="21.1" Mode="required" Report="warning" Id="12">
<Loc File="C:\Component\SF040A_MotVel_Impl\src\CDD_MotVel.c" Line="235" Column="85">
</Loc>
<Message>
Minimisation of run-time failures.
</Message>
</Rule>

<Rule Name="21.1" Mode="required" Report="warning" Id="13">
<Loc File="C:\Component\SF040A_MotVel_Impl\src\CDD_MotVel.c" Line="235" Column="86">
</Loc>
<Message>
Minimisation of run-time failures.
</Message>
</Rule>

<Rule Name="21.1" Mode="required" Report="warning" Id="14">
<Loc File="C:\Component\SF040A_MotVel_Impl\src\CDD_MotVel.c" Line="236" Column="34">
</Loc>
<Message>
Minimisation of run-time failures.
</Message>
</Rule>

<Rule Name="9.1" Mode="required" Report="warning" Id="15">
<Loc File="C:\Component\SF040A_MotVel_Impl\src\CDD_MotVel.c" Line="237" Column="50">
</Loc>
<Message>
All automatic variables shall have been assigned a value before being used.
</Message>
</Rule>

<Rule Name="21.1" Mode="required" Report="warning" Id="16">
<Loc File="C:\Component\SF040A_MotVel_Impl\src\CDD_MotVel.c" Line="239" Column="1">
</Loc>
<Message>
Minimisation of run-time failures.
</Message>
</Rule>

<Rule Name="21.1" Mode="required" Report="warning" Id="17">
<Loc File="C:\Component\SF040A_MotVel_Impl\src\CDD_MotVel.c" Line="240" Column="1">
</Loc>
<Message>
Minimisation of run-time failures.
</Message>
</Rule>

<Rule Name="21.1" Mode="required" Report="warning" Id="18">
<Loc File="C:\Component\SF040A_MotVel_Impl\src\CDD_MotVel.c" Line="252" Column="78">
</Loc>
<Message>
Minimisation of run-time failures.
</Message>
</Rule>

<Rule Name="9.1" Mode="required" Report="warning" Id="19">
<Loc File="C:\Component\SF040A_MotVel_Impl\src\CDD_MotVel.c" Line="253" Column="125">
</Loc>
<Message>
All automatic variables shall have been assigned a value before being used.
</Message>
</Rule>

<Rule Name="21.1" Mode="required" Report="warning" Id="20">
<Loc File="C:\Component\SF040A_MotVel_Impl\src\CDD_MotVel.c" Line="257" Column="1">
</Loc>
<Message>
Minimisation of run-time failures.
</Message>
</Rule>

<Rule Name="21.1" Mode="required" Report="warning" Id="21">
<Loc File="C:\Component\SF040A_MotVel_Impl\src\CDD_MotVel.c" Line="262" Column="65">
</Loc>
<Message>
Minimisation of run-time failures.
</Message>
</Rule>

<Rule Name="9.1" Mode="required" Report="warning" Id="22">
<Loc File="C:\Component\SF040A_MotVel_Impl\src\CDD_MotVel.c" Line="263" Column="88">
</Loc>
<Message>
All automatic variables shall have been assigned a value before being used.
</Message>
</Rule>

<Rule Name="21.1" Mode="required" Report="warning" Id="23">
<Loc File="C:\Component\SF040A_MotVel_Impl\src\CDD_MotVel.c" Line="264" Column="34">
</Loc>
<Message>
Minimisation of run-time failures.
</Message>
</Rule>

<Rule Name="9.1" Mode="required" Report="warning" Id="24">
<Loc File="C:\Component\SF040A_MotVel_Impl\src\CDD_MotVel.c" Line="265" Column="56">
</Loc>
<Message>
All automatic variables shall have been assigned a value before being used.
</Message>
</Rule>

<Rule Name="21.1" Mode="required" Report="warning" Id="25">
<Loc File="C:\Component\SF040A_MotVel_Impl\src\CDD_MotVel.c" Line="281" Column="6">
</Loc>
<Message>
Minimisation of run-time failures.
</Message>
</Rule>

<Rule Name="21.1" Mode="required" Report="warning" Id="26">
<Loc File="C:\Component\SF040A_MotVel_Impl\src\CDD_MotVel.c" Line="282" Column="10">
</Loc>
<Message>
Minimisation of run-time failures.
</Message>
</Rule>

<Rule Name="21.1" Mode="required" Report="warning" Id="27">
<Loc File="C:\Component\SF040A_MotVel_Impl\src\CDD_MotVel.c" Line="297" Column="5">
</Loc>
<Message>
Minimisation of run-time failures.
</Message>
</Rule>

<Rule Name="9.1" Mode="required" Report="warning" Id="28">
<Loc File="C:\Component\SF040A_MotVel_Impl\src\CDD_MotVel.c" Line="313" Column="68">
</Loc>
<Message>
All automatic variables shall have been assigned a value before being used.
</Message>
</Rule>

<Rule Name="9.1" Mode="required" Report="warning" Id="29">
<Loc File="C:\Component\SF040A_MotVel_Impl\src\CDD_MotVel.c" Line="325" Column="4">
</Loc>
<Message>
All automatic variables shall have been assigned a value before being used.
</Message>
</Rule>

</CodeStruct>

</MISRA-C-Report>
