<?xml version="1.0" encoding="UTF-8"?>
<MISRA-C-Report-Summary>
<File Mode="advisory" Error="0" Warning="1" Total="1">
<Name>
C:\Component\SF032A_MotTqCmdSca_Impl\src\MotTqCmdSca.c</Name>
</File>
<File Mode="required" Error="0" Warning="6" Total="6">
<Name>
C:\Component\SF032A_MotTqCmdSca_Impl\src\MotTqCmdSca.c</Name>
</File>
<Rule Name="8.10" Count="4" Mode="required" Severity="warning">
<Message>
</Message>
</Rule>
<Rule Name="12.4" Count="2" Mode="required" Severity="warning">
<Message>
The right hand operand of a logical &amp;&amp; or || operator shall not contain side effects.</Message>
</Rule>
<Rule Name="19.1" Count="1" Mode="advisory" Severity="warning">
<Message>
#include statements in a file shall only be preceded by other preprocessor directives or comments.</Message>
</Rule>
</MISRA-C-Report-Summary>
