<?xml version="1.0" encoding="UTF-8"?>

<MISRA-C-Report version="1.3">


<CodeStruct Name="" File="C:\component\ES005A_TmplMonr_Impl\src\TmplMonr.c" Line="0" Column="0">

<Rule Name="19.1" Mode="advisory" Report="warning" Id="1">
<Loc File="C:\component\ES005A_TmplMonr_Impl\src\TmplMonr.c" Line="666" Column="0">
</Loc>
<Message>
#include statements in a file shall only be preceded by other preprocessor directives or comments.
</Message>
</Rule>

<Rule Name="19.1" Mode="advisory" Report="warning" Id="2">
<Loc File="C:\component\ES005A_TmplMonr_Impl\src\TmplMonr.c" Line="953" Column="0">
</Loc>
<Message>
#include statements in a file shall only be preceded by other preprocessor directives or comments.
</Message>
</Rule>

<Rule Name="19.1" Mode="advisory" Report="warning" Id="3">
<Loc File="C:\component\ES005A_TmplMonr_Impl\src\TmplMonr.c" Line="961" Column="0">
</Loc>
<Message>
#include statements in a file shall only be preceded by other preprocessor directives or comments.
</Message>
</Rule>

<Rule Name="19.1" Mode="advisory" Report="warning" Id="4">
<Loc File="C:\component\ES005A_TmplMonr_Impl\src\TmplMonr.c" Line="1372" Column="0">
</Loc>
<Message>
#include statements in a file shall only be preceded by other preprocessor directives or comments.
</Message>
</Rule>

</CodeStruct>

<CodeStruct Name="TMFInitTestCase10To11Case15To17" File="C:\component\ES005A_TmplMonr_Impl\src\TmplMonr.c" Line="1141" Column="12">

<Rule Name="21.1" Mode="required" Report="warning" Id="5">
<Loc File="C:\component\ES005A_TmplMonr_Impl\src\TmplMonr.c" Line="1145" Column="12">
</Loc>
<Message>
Minimisation of run-time failures.
</Message>
</Rule>

<Rule Name="9.1" Mode="required" Report="warning" Id="6">
<Loc File="C:\component\ES005A_TmplMonr_Impl\src\TmplMonr.c" Line="1151" Column="20">
</Loc>
<Message>
All automatic variables shall have been assigned a value before being used.
</Message>
</Rule>

<Rule Name="21.1" Mode="required" Report="warning" Id="7">
<Loc File="C:\component\ES005A_TmplMonr_Impl\src\TmplMonr.c" Line="1156" Column="81">
</Loc>
<Message>
Minimisation of run-time failures.
</Message>
</Rule>

<Rule Name="21.1" Mode="required" Report="warning" Id="8">
<Loc File="C:\component\ES005A_TmplMonr_Impl\src\TmplMonr.c" Line="1160" Column="81">
</Loc>
<Message>
Minimisation of run-time failures.
</Message>
</Rule>

</CodeStruct>

<CodeStruct Name="TMFInitTestCase0" File="C:\component\ES005A_TmplMonr_Impl\src\TmplMonr.c" Line="1105" Column="12">

<Rule Name="21.1" Mode="required" Report="warning" Id="16">
<Loc File="C:\component\ES005A_TmplMonr_Impl\src\TmplMonr.c" Line="1129" Column="53">
</Loc>
<Message>
Minimisation of run-time failures.
</Message>
</Rule>

</CodeStruct>

<CodeStruct Name="TmplMonrPer1" File="C:\component\ES005A_TmplMonr_Impl\src\TmplMonr.c" Line="750" Column="5">

<Rule Name="21.1" Mode="required" Report="warning" Id="9">
<Loc File="C:\component\ES005A_TmplMonr_Impl\src\TmplMonr.c" Line="774" Column="12">
</Loc>
<Message>
Minimisation of run-time failures.
</Message>
</Rule>

<Rule Name="21.1" Mode="required" Report="warning" Id="10">
<Loc File="C:\component\ES005A_TmplMonr_Impl\src\TmplMonr.c" Line="774" Column="31">
</Loc>
<Message>
Minimisation of run-time failures.
</Message>
</Rule>

<Rule Name="9.1" Mode="required" Report="warning" Id="11">
<Loc File="C:\component\ES005A_TmplMonr_Impl\src\TmplMonr.c" Line="786" Column="20">
</Loc>
<Message>
All automatic variables shall have been assigned a value before being used.
</Message>
</Rule>

<Rule Name="21.1" Mode="required" Report="warning" Id="12">
<Loc File="C:\component\ES005A_TmplMonr_Impl\src\TmplMonr.c" Line="794" Column="24">
</Loc>
<Message>
Minimisation of run-time failures.
</Message>
</Rule>

<Rule Name="21.1" Mode="required" Report="warning" Id="13">
<Loc File="C:\component\ES005A_TmplMonr_Impl\src\TmplMonr.c" Line="804" Column="28">
</Loc>
<Message>
Minimisation of run-time failures.
</Message>
</Rule>

<Rule Name="9.1" Mode="required" Report="warning" Id="14">
<Loc File="C:\component\ES005A_TmplMonr_Impl\src\TmplMonr.c" Line="818" Column="37">
</Loc>
<Message>
All automatic variables shall have been assigned a value before being used.
</Message>
</Rule>

<Rule Name="9.1" Mode="required" Report="warning" Id="15">
<Loc File="C:\component\ES005A_TmplMonr_Impl\src\TmplMonr.c" Line="839" Column="17">
</Loc>
<Message>
All automatic variables shall have been assigned a value before being used.
</Message>
</Rule>

</CodeStruct>

<CodeStruct Name="TmplMonrInit1" File="C:\component\ES005A_TmplMonr_Impl\src\TmplMonr.c" Line="686" Column="5">

<Rule Name="21.1" Mode="required" Report="warning" Id="17">
<Loc File="C:\component\ES005A_TmplMonr_Impl\src\TmplMonr.c" Line="694" Column="8">
</Loc>
<Message>
Minimisation of run-time failures.
</Message>
</Rule>

<Rule Name="21.1" Mode="required" Report="warning" Id="18">
<Loc File="C:\component\ES005A_TmplMonr_Impl\src\TmplMonr.c" Line="694" Column="27">
</Loc>
<Message>
Minimisation of run-time failures.
</Message>
</Rule>

<Rule Name="21.1" Mode="required" Report="warning" Id="19">
<Loc File="C:\component\ES005A_TmplMonr_Impl\src\TmplMonr.c" Line="695" Column="8">
</Loc>
<Message>
Minimisation of run-time failures.
</Message>
</Rule>

<Rule Name="21.1" Mode="required" Report="warning" Id="20">
<Loc File="C:\component\ES005A_TmplMonr_Impl\src\TmplMonr.c" Line="696" Column="8">
</Loc>
<Message>
Minimisation of run-time failures.
</Message>
</Rule>

<Rule Name="21.1" Mode="required" Report="warning" Id="21">
<Loc File="C:\component\ES005A_TmplMonr_Impl\src\TmplMonr.c" Line="697" Column="8">
</Loc>
<Message>
Minimisation of run-time failures.
</Message>
</Rule>

<Rule Name="21.1" Mode="required" Report="warning" Id="22">
<Loc File="C:\component\ES005A_TmplMonr_Impl\src\TmplMonr.c" Line="698" Column="8">
</Loc>
<Message>
Minimisation of run-time failures.
</Message>
</Rule>

<Rule Name="21.1" Mode="required" Report="warning" Id="23">
<Loc File="C:\component\ES005A_TmplMonr_Impl\src\TmplMonr.c" Line="699" Column="8">
</Loc>
<Message>
Minimisation of run-time failures.
</Message>
</Rule>

</CodeStruct>

<CodeStruct Name="TMFInitTestCase19" File="C:\component\ES005A_TmplMonr_Impl\src\TmplMonr.c" Line="1243" Column="12">

<Rule Name="9.1" Mode="required" Report="warning" Id="24">
<Loc File="C:\component\ES005A_TmplMonr_Impl\src\TmplMonr.c" Line="1252" Column="14">
</Loc>
<Message>
All automatic variables shall have been assigned a value before being used.
</Message>
</Rule>

<Rule Name="21.1" Mode="required" Report="warning" Id="25">
<Loc File="C:\component\ES005A_TmplMonr_Impl\src\TmplMonr.c" Line="1259" Column="61">
</Loc>
<Message>
Minimisation of run-time failures.
</Message>
</Rule>

<Rule Name="21.1" Mode="required" Report="warning" Id="26">
<Loc File="C:\component\ES005A_TmplMonr_Impl\src\TmplMonr.c" Line="1266" Column="20">
</Loc>
<Message>
Minimisation of run-time failures.
</Message>
</Rule>

<Rule Name="21.1" Mode="required" Report="warning" Id="27">
<Loc File="C:\component\ES005A_TmplMonr_Impl\src\TmplMonr.c" Line="1272" Column="24">
</Loc>
<Message>
Minimisation of run-time failures.
</Message>
</Rule>

<Rule Name="21.1" Mode="required" Report="warning" Id="28">
<Loc File="C:\component\ES005A_TmplMonr_Impl\src\TmplMonr.c" Line="1275" Column="24">
</Loc>
<Message>
Minimisation of run-time failures.
</Message>
</Rule>

<Rule Name="21.1" Mode="required" Report="warning" Id="29">
<Loc File="C:\component\ES005A_TmplMonr_Impl\src\TmplMonr.c" Line="1280" Column="73">
</Loc>
<Message>
Minimisation of run-time failures.
</Message>
</Rule>

<Rule Name="21.1" Mode="required" Report="warning" Id="30">
<Loc File="C:\component\ES005A_TmplMonr_Impl\src\TmplMonr.c" Line="1281" Column="24">
</Loc>
<Message>
Minimisation of run-time failures.
</Message>
</Rule>

</CodeStruct>

<CodeStruct Name="TMFInitTest" File="C:\component\ES005A_TmplMonr_Impl\src\TmplMonr.c" Line="971" Column="12">

<Rule Name="21.1" Mode="required" Report="warning" Id="31">
<Loc File="C:\component\ES005A_TmplMonr_Impl\src\TmplMonr.c" Line="977" Column="16">
</Loc>
<Message>
Minimisation of run-time failures.
</Message>
</Rule>

<Rule Name="9.1" Mode="required" Report="warning" Id="32">
<Loc File="C:\component\ES005A_TmplMonr_Impl\src\TmplMonr.c" Line="1057" Column="29">
</Loc>
<Message>
All automatic variables shall have been assigned a value before being used.
</Message>
</Rule>

<Rule Name="21.1" Mode="required" Report="warning" Id="33">
<Loc File="C:\component\ES005A_TmplMonr_Impl\src\TmplMonr.c" Line="1059" Column="81">
</Loc>
<Message>
Minimisation of run-time failures.
</Message>
</Rule>

</CodeStruct>

<CodeStruct Name="TMFInitTestCase13" File="C:\component\ES005A_TmplMonr_Impl\src\TmplMonr.c" Line="1182" Column="12">

<Rule Name="9.1" Mode="required" Report="warning" Id="34">
<Loc File="C:\component\ES005A_TmplMonr_Impl\src\TmplMonr.c" Line="1189" Column="12">
</Loc>
<Message>
All automatic variables shall have been assigned a value before being used.
</Message>
</Rule>

<Rule Name="21.1" Mode="required" Report="warning" Id="35">
<Loc File="C:\component\ES005A_TmplMonr_Impl\src\TmplMonr.c" Line="1191" Column="65">
</Loc>
<Message>
Minimisation of run-time failures.
</Message>
</Rule>

<Rule Name="21.1" Mode="required" Report="warning" Id="36">
<Loc File="C:\component\ES005A_TmplMonr_Impl\src\TmplMonr.c" Line="1198" Column="53">
</Loc>
<Message>
Minimisation of run-time failures.
</Message>
</Rule>

</CodeStruct>

<CodeStruct Name="TMFInitTestCase18" File="C:\component\ES005A_TmplMonr_Impl\src\TmplMonr.c" Line="1210" Column="12">

<Rule Name="9.1" Mode="required" Report="warning" Id="40">
<Loc File="C:\component\ES005A_TmplMonr_Impl\src\TmplMonr.c" Line="1219" Column="12">
</Loc>
<Message>
All automatic variables shall have been assigned a value before being used.
</Message>
</Rule>

<Rule Name="21.1" Mode="required" Report="warning" Id="41">
<Loc File="C:\component\ES005A_TmplMonr_Impl\src\TmplMonr.c" Line="1221" Column="65">
</Loc>
<Message>
Minimisation of run-time failures.
</Message>
</Rule>

<Rule Name="21.1" Mode="required" Report="warning" Id="42">
<Loc File="C:\component\ES005A_TmplMonr_Impl\src\TmplMonr.c" Line="1231" Column="53">
</Loc>
<Message>
Minimisation of run-time failures.
</Message>
</Rule>

</CodeStruct>

<CodeStruct Name="TmplMonrPer2" File="C:\component\ES005A_TmplMonr_Impl\src\TmplMonr.c" Line="901" Column="5">

<Rule Name="9.1" Mode="required" Report="warning" Id="37">
<Loc File="C:\component\ES005A_TmplMonr_Impl\src\TmplMonr.c" Line="920" Column="12">
</Loc>
<Message>
All automatic variables shall have been assigned a value before being used.
</Message>
</Rule>

<Rule Name="9.1" Mode="required" Report="warning" Id="38">
<Loc File="C:\component\ES005A_TmplMonr_Impl\src\TmplMonr.c" Line="920" Column="74">
</Loc>
<Message>
All automatic variables shall have been assigned a value before being used.
</Message>
</Rule>

<Rule Name="9.1" Mode="required" Report="warning" Id="39">
<Loc File="C:\component\ES005A_TmplMonr_Impl\src\TmplMonr.c" Line="930" Column="74">
</Loc>
<Message>
All automatic variables shall have been assigned a value before being used.
</Message>
</Rule>

</CodeStruct>

<CodeStruct Name="TMFInitTestCase53" File="C:\component\ES005A_TmplMonr_Impl\src\TmplMonr.c" Line="1300" Column="12">

<Rule Name="9.1" Mode="required" Report="warning" Id="43">
<Loc File="C:\component\ES005A_TmplMonr_Impl\src\TmplMonr.c" Line="1309" Column="12">
</Loc>
<Message>
All automatic variables shall have been assigned a value before being used.
</Message>
</Rule>

<Rule Name="21.1" Mode="required" Report="warning" Id="44">
<Loc File="C:\component\ES005A_TmplMonr_Impl\src\TmplMonr.c" Line="1314" Column="16">
</Loc>
<Message>
Minimisation of run-time failures.
</Message>
</Rule>

<Rule Name="21.1" Mode="required" Report="warning" Id="45">
<Loc File="C:\component\ES005A_TmplMonr_Impl\src\TmplMonr.c" Line="1315" Column="16">
</Loc>
<Message>
Minimisation of run-time failures.
</Message>
</Rule>

<Rule Name="21.1" Mode="required" Report="warning" Id="46">
<Loc File="C:\component\ES005A_TmplMonr_Impl\src\TmplMonr.c" Line="1316" Column="61">
</Loc>
<Message>
Minimisation of run-time failures.
</Message>
</Rule>

<Rule Name="21.1" Mode="required" Report="warning" Id="47">
<Loc File="C:\component\ES005A_TmplMonr_Impl\src\TmplMonr.c" Line="1321" Column="20">
</Loc>
<Message>
Minimisation of run-time failures.
</Message>
</Rule>

<Rule Name="9.1" Mode="required" Report="warning" Id="48">
<Loc File="C:\component\ES005A_TmplMonr_Impl\src\TmplMonr.c" Line="1335" Column="29">
</Loc>
<Message>
All automatic variables shall have been assigned a value before being used.
</Message>
</Rule>

<Rule Name="21.1" Mode="required" Report="warning" Id="49">
<Loc File="C:\component\ES005A_TmplMonr_Impl\src\TmplMonr.c" Line="1337" Column="81">
</Loc>
<Message>
Minimisation of run-time failures.
</Message>
</Rule>

<Rule Name="21.1" Mode="required" Report="warning" Id="50">
<Loc File="C:\component\ES005A_TmplMonr_Impl\src\TmplMonr.c" Line="1341" Column="81">
</Loc>
<Message>
Minimisation of run-time failures.
</Message>
</Rule>

<Rule Name="21.1" Mode="required" Report="warning" Id="51">
<Loc File="C:\component\ES005A_TmplMonr_Impl\src\TmplMonr.c" Line="1346" Column="24">
</Loc>
<Message>
Minimisation of run-time failures.
</Message>
</Rule>

<Rule Name="21.1" Mode="required" Report="warning" Id="52">
<Loc File="C:\component\ES005A_TmplMonr_Impl\src\TmplMonr.c" Line="1348" Column="69">
</Loc>
<Message>
Minimisation of run-time failures.
</Message>
</Rule>

<Rule Name="21.1" Mode="required" Report="warning" Id="53">
<Loc File="C:\component\ES005A_TmplMonr_Impl\src\TmplMonr.c" Line="1353" Column="12">
</Loc>
<Message>
Minimisation of run-time failures.
</Message>
</Rule>

<Rule Name="21.1" Mode="required" Report="warning" Id="54">
<Loc File="C:\component\ES005A_TmplMonr_Impl\src\TmplMonr.c" Line="1355" Column="20">
</Loc>
<Message>
Minimisation of run-time failures.
</Message>
</Rule>

</CodeStruct>

</MISRA-C-Report>
