<?xml version="1.0" encoding="UTF-8"?>

<project name="Polyspace" files="2" includes="33" ap_cg_cycle="0" ap_cg_direct_cycle="0" pshv="0" unpshv="0">
<file name="C:\Component\CM104A_EcmOutpAndDiagc_Impl\src\CDD_EcmOutpAndDiagcNonRte.c" total_lines="342" lines_without_cmt="197" comf="34" fco="42">
<function name="EcmOutpAndDiagcInit4" path="11" goto="0" vg="7" calling="0" calls="4" param="0" stmt="47" level="4" return="0" vocf="7.9" flin="115" fxln="44" ncalls="21">
</function>
<function name="EcmOutpAndDiagcInit3" path="8" goto="0" vg="7" calling="0" calls="11" param="0" stmt="31" level="4" return="0" vocf="5.2" flin="93" fxln="35" ncalls="16">
</function>
<function name="EcmOutpAndDiagcInit1" path="5" goto="0" vg="5" calling="0" calls="3" param="0" stmt="17" level="4" return="0" vocf="6.4" flin="51" fxln="20" ncalls="7">
</function>
<function name="NxtrSwRstFromExcpn" path="6" goto="0" vg="4" calling="0" calls="4" param="2" stmt="10" level="2" return="0" vocf="2.8" flin="0" fxln="0" ncalls="6">
</function>
<function name="NxtrSwRst" path="2" goto="0" vg="2" calling="0" calls="2" param="2" stmt="4" level="1" return="0" vocf="1.6" flin="0" fxln="0" ncalls="2">
</function>
<function name="WrProtdRegFlmd_u32" path="3" goto="0" vg="3" calling="0" calls="4" param="2" stmt="18" level="2" return="0" vocf="4.0" flin="0" fxln="0" ncalls="4">
</function>
<function name="WrProtdRegEcm_u32" path="3" goto="0" vg="3" calling="5" calls="4" param="2" stmt="18" level="2" return="0" vocf="3.9" flin="0" fxln="0" ncalls="4">
</function>
<function name="WrProtdRegEcm_u16" path="3" goto="0" vg="3" calling="0" calls="4" param="2" stmt="18" level="2" return="0" vocf="3.9" flin="0" fxln="0" ncalls="4">
</function>
<function name="WrProtdRegEcm_u08" path="3" goto="0" vg="3" calling="0" calls="4" param="2" stmt="18" level="2" return="0" vocf="3.9" flin="0" fxln="0" ncalls="4">
</function>
<function name="WrProtdRegEcmc_u08" path="3" goto="0" vg="3" calling="1" calls="4" param="2" stmt="18" level="2" return="0" vocf="3.8" flin="0" fxln="0" ncalls="4">
</function>
<function name="WrProtdRegEcmm_u08" path="3" goto="0" vg="3" calling="1" calls="4" param="2" stmt="18" level="2" return="0" vocf="3.8" flin="0" fxln="0" ncalls="4">
</function>
<function name="WrProtdRegClma3_u08" path="3" goto="0" vg="3" calling="0" calls="4" param="2" stmt="18" level="2" return="0" vocf="3.8" flin="0" fxln="0" ncalls="4">
</function>
<function name="WrProtdRegClma2_u08" path="3" goto="0" vg="3" calling="0" calls="4" param="2" stmt="18" level="2" return="0" vocf="3.8" flin="0" fxln="0" ncalls="4">
</function>
<function name="WrProtdRegClma1_u08" path="3" goto="0" vg="3" calling="0" calls="4" param="2" stmt="18" level="2" return="0" vocf="3.8" flin="0" fxln="0" ncalls="4">
</function>
<function name="WrProtdRegClma0_u08" path="3" goto="0" vg="3" calling="0" calls="4" param="2" stmt="18" level="2" return="0" vocf="3.8" flin="0" fxln="0" ncalls="4">
</function>
<function name="WrProtdRegSysClmac_u32" path="3" goto="0" vg="3" calling="0" calls="4" param="2" stmt="18" level="2" return="0" vocf="4.0" flin="0" fxln="0" ncalls="4">
</function>
<function name="WrProtdRegSys_u32" path="3" goto="0" vg="3" calling="0" calls="4" param="2" stmt="18" level="2" return="0" vocf="4.0" flin="0" fxln="0" ncalls="4">
</function>
<function name="WrProtdRegSys_u08" path="3" goto="0" vg="3" calling="0" calls="4" param="2" stmt="18" level="2" return="0" vocf="4.0" flin="0" fxln="0" ncalls="4">
</function>
<function name="WrProtdRegPort5_u32" path="3" goto="0" vg="3" calling="0" calls="4" param="2" stmt="18" level="2" return="0" vocf="4.0" flin="0" fxln="0" ncalls="4">
</function>
<function name="WrProtdRegPort4_u32" path="3" goto="0" vg="3" calling="0" calls="4" param="2" stmt="18" level="2" return="0" vocf="4.0" flin="0" fxln="0" ncalls="4">
</function>
<function name="WrProtdRegPort3_u32" path="3" goto="0" vg="3" calling="0" calls="4" param="2" stmt="18" level="2" return="0" vocf="4.0" flin="0" fxln="0" ncalls="4">
</function>
<function name="WrProtdRegPort2_u32" path="3" goto="0" vg="3" calling="0" calls="4" param="2" stmt="18" level="2" return="0" vocf="4.0" flin="0" fxln="0" ncalls="4">
</function>
<function name="WrProtdRegPort1_u32" path="3" goto="0" vg="3" calling="0" calls="4" param="2" stmt="18" level="2" return="0" vocf="4.0" flin="0" fxln="0" ncalls="4">
</function>
<function name="WrProtdRegPort0_u32" path="3" goto="0" vg="3" calling="0" calls="4" param="2" stmt="18" level="2" return="0" vocf="4.0" flin="0" fxln="0" ncalls="4">
</function>
<function name="WrProtdRegPortJ_u32" path="3" goto="0" vg="3" calling="0" calls="4" param="2" stmt="18" level="2" return="0" vocf="7.0" flin="0" fxln="0" ncalls="4">
</function>
</file>
<file name="C:\Component\CM104A_EcmOutpAndDiagc_Impl\src\CDD_EcmOutpAndDiagc.c" total_lines="196" lines_without_cmt="53" comf="83" fco="15">
<function name="EcmOutpAndDiagcInit2" path="1" goto="0" vg="1" calling="0" calls="0" param="0" stmt="0" level="1" return="0" vocf="1.2" flin="10" fxln="0" ncalls="0">
</function>
<function name="CtrlErrOut_Oper" path="4" goto="0" vg="4" calling="2" calls="3" param="2" stmt="23" level="3" return="0" vocf="6.9" flin="67" fxln="25" ncalls="16">
</function>
<function name="NxtrSwRstFromExcpn" path="6" goto="0" vg="4" calling="0" calls="4" param="2" stmt="10" level="2" return="0" vocf="2.8" flin="0" fxln="0" ncalls="6">
</function>
<function name="NxtrSwRst" path="2" goto="0" vg="2" calling="0" calls="2" param="2" stmt="4" level="1" return="0" vocf="1.6" flin="0" fxln="0" ncalls="2">
</function>
<function name="WrProtdRegFlmd_u32" path="3" goto="0" vg="3" calling="0" calls="4" param="2" stmt="18" level="2" return="0" vocf="4.0" flin="0" fxln="0" ncalls="4">
</function>
<function name="WrProtdRegEcm_u32" path="3" goto="0" vg="3" calling="5" calls="4" param="2" stmt="18" level="2" return="0" vocf="3.9" flin="0" fxln="0" ncalls="4">
</function>
<function name="WrProtdRegEcm_u16" path="3" goto="0" vg="3" calling="0" calls="4" param="2" stmt="18" level="2" return="0" vocf="3.9" flin="0" fxln="0" ncalls="4">
</function>
<function name="WrProtdRegEcm_u08" path="3" goto="0" vg="3" calling="0" calls="4" param="2" stmt="18" level="2" return="0" vocf="3.9" flin="0" fxln="0" ncalls="4">
</function>
<function name="WrProtdRegEcmc_u08" path="3" goto="0" vg="3" calling="1" calls="4" param="2" stmt="18" level="2" return="0" vocf="3.8" flin="0" fxln="0" ncalls="4">
</function>
<function name="WrProtdRegEcmm_u08" path="3" goto="0" vg="3" calling="1" calls="4" param="2" stmt="18" level="2" return="0" vocf="3.8" flin="0" fxln="0" ncalls="4">
</function>
<function name="WrProtdRegClma3_u08" path="3" goto="0" vg="3" calling="0" calls="4" param="2" stmt="18" level="2" return="0" vocf="3.8" flin="0" fxln="0" ncalls="4">
</function>
<function name="WrProtdRegClma2_u08" path="3" goto="0" vg="3" calling="0" calls="4" param="2" stmt="18" level="2" return="0" vocf="3.8" flin="0" fxln="0" ncalls="4">
</function>
<function name="WrProtdRegClma1_u08" path="3" goto="0" vg="3" calling="0" calls="4" param="2" stmt="18" level="2" return="0" vocf="3.8" flin="0" fxln="0" ncalls="4">
</function>
<function name="WrProtdRegClma0_u08" path="3" goto="0" vg="3" calling="0" calls="4" param="2" stmt="18" level="2" return="0" vocf="3.8" flin="0" fxln="0" ncalls="4">
</function>
<function name="WrProtdRegSysClmac_u32" path="3" goto="0" vg="3" calling="0" calls="4" param="2" stmt="18" level="2" return="0" vocf="4.0" flin="0" fxln="0" ncalls="4">
</function>
<function name="WrProtdRegSys_u32" path="3" goto="0" vg="3" calling="0" calls="4" param="2" stmt="18" level="2" return="0" vocf="4.0" flin="0" fxln="0" ncalls="4">
</function>
<function name="WrProtdRegSys_u08" path="3" goto="0" vg="3" calling="0" calls="4" param="2" stmt="18" level="2" return="0" vocf="4.0" flin="0" fxln="0" ncalls="4">
</function>
<function name="WrProtdRegPort5_u32" path="3" goto="0" vg="3" calling="0" calls="4" param="2" stmt="18" level="2" return="0" vocf="4.0" flin="0" fxln="0" ncalls="4">
</function>
<function name="WrProtdRegPort4_u32" path="3" goto="0" vg="3" calling="0" calls="4" param="2" stmt="18" level="2" return="0" vocf="4.0" flin="0" fxln="0" ncalls="4">
</function>
<function name="WrProtdRegPort3_u32" path="3" goto="0" vg="3" calling="0" calls="4" param="2" stmt="18" level="2" return="0" vocf="4.0" flin="0" fxln="0" ncalls="4">
</function>
<function name="WrProtdRegPort2_u32" path="3" goto="0" vg="3" calling="0" calls="4" param="2" stmt="18" level="2" return="0" vocf="4.0" flin="0" fxln="0" ncalls="4">
</function>
<function name="WrProtdRegPort1_u32" path="3" goto="0" vg="3" calling="0" calls="4" param="2" stmt="18" level="2" return="0" vocf="4.0" flin="0" fxln="0" ncalls="4">
</function>
<function name="WrProtdRegPort0_u32" path="3" goto="0" vg="3" calling="0" calls="4" param="2" stmt="18" level="2" return="0" vocf="4.0" flin="0" fxln="0" ncalls="4">
</function>
<function name="WrProtdRegPortJ_u32" path="3" goto="0" vg="3" calling="0" calls="4" param="2" stmt="18" level="2" return="0" vocf="7.0" flin="0" fxln="0" ncalls="4">
</function>
</file>
</project>
