<?xml version="1.0" encoding="UTF-8"?>
<MISRA-C-Report-Summary>
<File Mode="advisory" Error="0" Warning="1" Total="1">
<Name>
C:\Component\CM104A_EcmOutpAndDiagc_Impl\src\CDD_EcmOutpAndDiagc.c</Name>
</File>
<File Mode="advisory" Error="0" Warning="2" Total="2">
<Name>
C:\Component\CM104A_EcmOutpAndDiagc_Impl\src\CDD_EcmOutpAndDiagcNonRte.c</Name>
</File>
<File Mode="required" Error="0" Warning="4" Total="4">
<Name>
C:\Component\CM104A_EcmOutpAndDiagc_Impl\src\CDD_EcmOutpAndDiagcNonRte.c</Name>
</File>
<Rule Name="9.1" Count="4" Mode="required" Severity="warning">
<Message>
All automatic variables shall have been assigned a value before being used.</Message>
</Rule>
<Rule Name="19.1" Count="2" Mode="advisory" Severity="warning">
<Message>
#include statements in a file shall only be preceded by other preprocessor directives or comments.</Message>
</Rule>
<Rule Name="11.3" Count="1" Mode="advisory" Severity="warning">
<Message>
A cast should not be performed between a pointer type and an integral type.</Message>
</Rule>
</MISRA-C-Report-Summary>
