<?xml version="1.0" encoding="UTF-8"?>

<MISRA-C-Report version="1.3">


<CodeStruct Name="" File="C:\Component\CM104A_EcmOutpAndDiagc_Impl\src\CDD_EcmOutpAndDiagc.c" Line="0" Column="0">

<Rule Name="19.1" Mode="advisory" Report="warning" Id="5">
<Loc File="C:\Component\CM104A_EcmOutpAndDiagc_Impl\src\CDD_EcmOutpAndDiagc.c" Line="176" Column="0">
</Loc>
<Message>
#include statements in a file shall only be preceded by other preprocessor directives or comments.
</Message>
</Rule>

</CodeStruct>

<CodeStruct Name="EcmOutpAndDiagcInit3" File="C:\Component\CM104A_EcmOutpAndDiagc_Impl\src\CDD_EcmOutpAndDiagcNonRte.c" Line="118" Column="5">

<Rule Name="9.1" Mode="required" Report="warning" Id="2">
<Loc File="C:\Component\CM104A_EcmOutpAndDiagc_Impl\src\CDD_EcmOutpAndDiagcNonRte.c" Line="141" Column="12">
</Loc>
<Message>
All automatic variables shall have been assigned a value before being used.
</Message>
</Rule>

<Rule Name="11.3" Mode="advisory" Report="warning" Id="3">
<Loc File="C:\Component\CM104A_EcmOutpAndDiagc_Impl\src\CDD_EcmOutpAndDiagcNonRte.c" Line="175" Column="34">
</Loc>
<Message>
A cast should not be performed between a pointer type and an integral type.
</Message>
</Rule>

<Rule Name="9.1" Mode="required" Report="warning" Id="4">
<Loc File="C:\Component\CM104A_EcmOutpAndDiagc_Impl\src\CDD_EcmOutpAndDiagcNonRte.c" Line="204" Column="19">
</Loc>
<Message>
All automatic variables shall have been assigned a value before being used.
</Message>
</Rule>

</CodeStruct>

<CodeStruct Name="" File="C:\Component\CM104A_EcmOutpAndDiagc_Impl\src\CDD_EcmOutpAndDiagcNonRte.c" Line="0" Column="0">

<Rule Name="19.1" Mode="advisory" Report="warning" Id="1">
<Loc File="C:\Component\CM104A_EcmOutpAndDiagc_Impl\src\CDD_EcmOutpAndDiagcNonRte.c" Line="342" Column="0">
</Loc>
<Message>
#include statements in a file shall only be preceded by other preprocessor directives or comments.
</Message>
</Rule>

</CodeStruct>

<CodeStruct Name="EcmOutpAndDiagcInit4" File="C:\Component\CM104A_EcmOutpAndDiagc_Impl\src\CDD_EcmOutpAndDiagcNonRte.c" Line="222" Column="5">

<Rule Name="9.1" Mode="required" Report="warning" Id="6">
<Loc File="C:\Component\CM104A_EcmOutpAndDiagc_Impl\src\CDD_EcmOutpAndDiagcNonRte.c" Line="249" Column="12">
</Loc>
<Message>
All automatic variables shall have been assigned a value before being used.
</Message>
</Rule>

</CodeStruct>

<CodeStruct Name="EcmOutpAndDiagcInit1" File="C:\Component\CM104A_EcmOutpAndDiagc_Impl\src\CDD_EcmOutpAndDiagcNonRte.c" Line="56" Column="5">

<Rule Name="9.1" Mode="required" Report="warning" Id="7">
<Loc File="C:\Component\CM104A_EcmOutpAndDiagc_Impl\src\CDD_EcmOutpAndDiagcNonRte.c" Line="65" Column="91">
</Loc>
<Message>
All automatic variables shall have been assigned a value before being used.
</Message>
</Rule>

</CodeStruct>

</MISRA-C-Report>
