<?xml version="1.0" encoding="UTF-8"?>
<!--EDRS Version 1.0-->
<global>
   <file name="C:\\Component\\AR202A_MicroCtrlrSuprt_Impl\\include\\P1M\\R7F701311\\adcd_regs.h" comment="">
      <struct name="ADCD0" comment="" line="1427" attributes="volatile extern">
         <struct name="DR00" comment="" line="1427" attributes="volatile extern const">
            <scalar name="UINT32" comment="" line="1427" base_type="uint32" attributes="volatile extern const" complete_type="uint32" init_mode="PERMANENT" init_modes_allowed="4" init_range="min..max" global_assert="disabled" assert_range="disabled"/>
         </struct>
      </struct>
      <struct name="ADCD1" comment="" line="1428" attributes="volatile extern">
         <struct name="DR00" comment="" line="1428" attributes="volatile extern const">
            <scalar name="UINT32" comment="" line="1428" base_type="uint32" attributes="volatile extern const" complete_type="uint32" init_mode="PERMANENT" init_modes_allowed="4" init_range="min..max" global_assert="disabled" assert_range="disabled"/>
         </struct>
      </struct>
   </file>
   <file name="C:\\Component\\AR202A_MicroCtrlrSuprt_Impl\\include\\P1M\\R7F701311\\csih_regs.h" comment="">
      <struct name="CSIH1" comment="" line="446" attributes="volatile extern">
         <struct name="MCTL2" comment="" line="446" attributes="volatile extern">
            <scalar name="UINT32" comment="" line="446" base_type="uint32" attributes="volatile extern" complete_type="uint32" init_mode="PERMANENT" init_modes_allowed="4" init_range="min..max" global_assert="disabled" assert_range="disabled"/>
         </struct>
         <struct name="MRWP0" comment="" line="446" attributes="volatile extern">
            <scalar name="UINT32" comment="" line="446" base_type="uint32" attributes="volatile extern" complete_type="uint32" init_mode="PERMANENT" init_modes_allowed="4" init_range="min..max" global_assert="disabled" assert_range="disabled"/>
         </struct>
         <struct name="RX0W" comment="" line="446" attributes="volatile extern">
            <scalar name="UINT32" comment="" line="446" base_type="uint32" attributes="volatile extern" complete_type="uint32" init_mode="PERMANENT" init_modes_allowed="4" init_range="min..max" global_assert="disabled" assert_range="disabled"/>
         </struct>
      </struct>
      <struct name="CSIH3" comment="" line="448" attributes="volatile extern">
         <struct name="MCTL2" comment="" line="448" attributes="volatile extern">
            <scalar name="UINT32" comment="" line="448" base_type="uint32" attributes="volatile extern" complete_type="uint32" init_mode="PERMANENT" init_modes_allowed="4" init_range="min..max" global_assert="disabled" assert_range="disabled"/>
         </struct>
         <struct name="MRWP0" comment="" line="448" attributes="volatile extern">
            <scalar name="UINT32" comment="" line="448" base_type="uint32" attributes="volatile extern" complete_type="uint32" init_mode="PERMANENT" init_modes_allowed="4" init_range="min..max" global_assert="disabled" assert_range="disabled"/>
         </struct>
         <struct name="RX0W" comment="" line="448" attributes="volatile extern">
            <scalar name="UINT32" comment="" line="448" base_type="uint32" attributes="volatile extern" complete_type="uint32" init_mode="PERMANENT" init_modes_allowed="4" init_range="min..max" global_assert="disabled" assert_range="disabled"/>
         </struct>
      </struct>
   </file>
   <file name="C:\\Component\\AR202A_MicroCtrlrSuprt_Impl\\include\\P1M\\R7F701311\\dma_regs.h" comment="">
      <struct name="DMASS" comment="" line="2714" attributes="volatile extern">
         <struct name="CMVC" comment="" line="2714" attributes="volatile extern">
            <scalar name="UINT32" comment="" line="2714" base_type="uint32" attributes="volatile extern" complete_type="uint32" init_mode="PERMANENT" init_modes_allowed="4" init_range="min..max" global_assert="disabled" assert_range="disabled"/>
         </struct>
         <struct name="DCEN0" comment="" line="2714" attributes="volatile extern">
            <struct name="BIT" comment="" line="2714" attributes="volatile extern">
               <scalar name="DTE" comment="" line="2714" base_type="uint1" attributes="volatile extern" complete_type="uint1" init_mode="PERMANENT" init_modes_allowed="4" init_range="min..max" global_assert="disabled" assert_range="disabled"/>
            </struct>
            <scalar name="UINT32" comment="" line="2714" base_type="uint32" attributes="volatile extern" complete_type="uint32" init_mode="PERMANENT" init_modes_allowed="4" init_range="min..max" global_assert="disabled" assert_range="disabled"/>
         </struct>
         <struct name="DCEN1" comment="" line="2714" attributes="volatile extern">
            <struct name="BIT" comment="" line="2714" attributes="volatile extern">
               <scalar name="DTE" comment="" line="2714" base_type="uint1" attributes="volatile extern" complete_type="uint1" init_mode="PERMANENT" init_modes_allowed="4" init_range="min..max" global_assert="disabled" assert_range="disabled"/>
            </struct>
            <scalar name="UINT32" comment="" line="2714" base_type="uint32" attributes="volatile extern" complete_type="uint32" init_mode="PERMANENT" init_modes_allowed="4" init_range="min..max" global_assert="disabled" assert_range="disabled"/>
         </struct>
         <struct name="DCEN10" comment="" line="2714" attributes="volatile extern">
            <struct name="BIT" comment="" line="2714" attributes="volatile extern">
               <scalar name="DTE" comment="" line="2714" base_type="uint1" attributes="volatile extern" complete_type="uint1" init_mode="PERMANENT" init_modes_allowed="4" init_range="min..max" global_assert="disabled" assert_range="disabled"/>
            </struct>
            <scalar name="UINT32" comment="" line="2714" base_type="uint32" attributes="volatile extern" complete_type="uint32" init_mode="PERMANENT" init_modes_allowed="4" init_range="min..max" global_assert="disabled" assert_range="disabled"/>
         </struct>
         <struct name="DCEN11" comment="" line="2714" attributes="volatile extern">
            <struct name="BIT" comment="" line="2714" attributes="volatile extern">
               <scalar name="DTE" comment="" line="2714" base_type="uint1" attributes="volatile extern" complete_type="uint1" init_mode="PERMANENT" init_modes_allowed="4" init_range="min..max" global_assert="disabled" assert_range="disabled"/>
            </struct>
            <scalar name="UINT32" comment="" line="2714" base_type="uint32" attributes="volatile extern" complete_type="uint32" init_mode="PERMANENT" init_modes_allowed="4" init_range="min..max" global_assert="disabled" assert_range="disabled"/>
         </struct>
         <struct name="DCEN12" comment="" line="2714" attributes="volatile extern">
            <struct name="BIT" comment="" line="2714" attributes="volatile extern">
               <scalar name="DTE" comment="" line="2714" base_type="uint1" attributes="volatile extern" complete_type="uint1" init_mode="PERMANENT" init_modes_allowed="4" init_range="min..max" global_assert="disabled" assert_range="disabled"/>
            </struct>
            <scalar name="UINT32" comment="" line="2714" base_type="uint32" attributes="volatile extern" complete_type="uint32" init_mode="PERMANENT" init_modes_allowed="4" init_range="min..max" global_assert="disabled" assert_range="disabled"/>
         </struct>
         <struct name="DCEN13" comment="" line="2714" attributes="volatile extern">
            <struct name="BIT" comment="" line="2714" attributes="volatile extern">
               <scalar name="DTE" comment="" line="2714" base_type="uint1" attributes="volatile extern" complete_type="uint1" init_mode="PERMANENT" init_modes_allowed="4" init_range="min..max" global_assert="disabled" assert_range="disabled"/>
            </struct>
            <scalar name="UINT32" comment="" line="2714" base_type="uint32" attributes="volatile extern" complete_type="uint32" init_mode="PERMANENT" init_modes_allowed="4" init_range="min..max" global_assert="disabled" assert_range="disabled"/>
         </struct>
         <struct name="DCEN14" comment="" line="2714" attributes="volatile extern">
            <struct name="BIT" comment="" line="2714" attributes="volatile extern">
               <scalar name="DTE" comment="" line="2714" base_type="uint1" attributes="volatile extern" complete_type="uint1" init_mode="PERMANENT" init_modes_allowed="4" init_range="min..max" global_assert="disabled" assert_range="disabled"/>
            </struct>
            <scalar name="UINT32" comment="" line="2714" base_type="uint32" attributes="volatile extern" complete_type="uint32" init_mode="PERMANENT" init_modes_allowed="4" init_range="min..max" global_assert="disabled" assert_range="disabled"/>
         </struct>
         <struct name="DCEN15" comment="" line="2714" attributes="volatile extern">
            <struct name="BIT" comment="" line="2714" attributes="volatile extern">
               <scalar name="DTE" comment="" line="2714" base_type="uint1" attributes="volatile extern" complete_type="uint1" init_mode="PERMANENT" init_modes_allowed="4" init_range="min..max" global_assert="disabled" assert_range="disabled"/>
            </struct>
            <scalar name="UINT32" comment="" line="2714" base_type="uint32" attributes="volatile extern" complete_type="uint32" init_mode="PERMANENT" init_modes_allowed="4" init_range="min..max" global_assert="disabled" assert_range="disabled"/>
         </struct>
         <struct name="DCEN2" comment="" line="2714" attributes="volatile extern">
            <struct name="BIT" comment="" line="2714" attributes="volatile extern">
               <scalar name="DTE" comment="" line="2714" base_type="uint1" attributes="volatile extern" complete_type="uint1" init_mode="PERMANENT" init_modes_allowed="4" init_range="min..max" global_assert="disabled" assert_range="disabled"/>
            </struct>
            <scalar name="UINT32" comment="" line="2714" base_type="uint32" attributes="volatile extern" complete_type="uint32" init_mode="PERMANENT" init_modes_allowed="4" init_range="min..max" global_assert="disabled" assert_range="disabled"/>
         </struct>
         <struct name="DCEN3" comment="" line="2714" attributes="volatile extern">
            <struct name="BIT" comment="" line="2714" attributes="volatile extern">
               <scalar name="DTE" comment="" line="2714" base_type="uint1" attributes="volatile extern" complete_type="uint1" init_mode="PERMANENT" init_modes_allowed="4" init_range="min..max" global_assert="disabled" assert_range="disabled"/>
            </struct>
            <scalar name="UINT32" comment="" line="2714" base_type="uint32" attributes="volatile extern" complete_type="uint32" init_mode="PERMANENT" init_modes_allowed="4" init_range="min..max" global_assert="disabled" assert_range="disabled"/>
         </struct>
         <struct name="DCEN4" comment="" line="2714" attributes="volatile extern">
            <struct name="BIT" comment="" line="2714" attributes="volatile extern">
               <scalar name="DTE" comment="" line="2714" base_type="uint1" attributes="volatile extern" complete_type="uint1" init_mode="PERMANENT" init_modes_allowed="4" init_range="min..max" global_assert="disabled" assert_range="disabled"/>
            </struct>
            <scalar name="UINT32" comment="" line="2714" base_type="uint32" attributes="volatile extern" complete_type="uint32" init_mode="PERMANENT" init_modes_allowed="4" init_range="min..max" global_assert="disabled" assert_range="disabled"/>
         </struct>
         <struct name="DCEN9" comment="" line="2714" attributes="volatile extern">
            <struct name="BIT" comment="" line="2714" attributes="volatile extern">
               <scalar name="DTE" comment="" line="2714" base_type="uint1" attributes="volatile extern" complete_type="uint1" init_mode="PERMANENT" init_modes_allowed="4" init_range="min..max" global_assert="disabled" assert_range="disabled"/>
            </struct>
            <scalar name="UINT32" comment="" line="2714" base_type="uint32" attributes="volatile extern" complete_type="uint32" init_mode="PERMANENT" init_modes_allowed="4" init_range="min..max" global_assert="disabled" assert_range="disabled"/>
         </struct>
         <struct name="DCST15" comment="" line="2714" attributes="volatile extern const">
            <struct name="BIT" comment="" line="2714" attributes="volatile extern const">
               <scalar name="TC" comment="" line="2714" base_type="uint1" attributes="volatile extern const" complete_type="uint1" init_mode="PERMANENT" init_modes_allowed="4" init_range="min..max" global_assert="disabled" assert_range="disabled"/>
            </struct>
         </struct>
         <struct name="DCSTC14" comment="" line="2714" attributes="volatile extern">
            <struct name="BIT" comment="" line="2714" attributes="volatile extern">
               <scalar name="TCC" comment="" line="2714" base_type="uint1" attributes="volatile extern" complete_type="uint1" init_mode="PERMANENT" init_modes_allowed="4" init_range="min..max" global_assert="disabled" assert_range="disabled"/>
            </struct>
         </struct>
         <struct name="DCSTC15" comment="" line="2714" attributes="volatile extern">
            <struct name="BIT" comment="" line="2714" attributes="volatile extern">
               <scalar name="TCC" comment="" line="2714" base_type="uint1" attributes="volatile extern" complete_type="uint1" init_mode="PERMANENT" init_modes_allowed="4" init_range="min..max" global_assert="disabled" assert_range="disabled"/>
            </struct>
         </struct>
         <struct name="DCSTC9" comment="" line="2714" attributes="volatile extern">
            <struct name="BIT" comment="" line="2714" attributes="volatile extern">
               <scalar name="TCC" comment="" line="2714" base_type="uint1" attributes="volatile extern" complete_type="uint1" init_mode="PERMANENT" init_modes_allowed="4" init_range="min..max" global_assert="disabled" assert_range="disabled"/>
            </struct>
         </struct>
         <struct name="DDA0" comment="" line="2714" attributes="volatile extern">
            <scalar name="UINT32" comment="" line="2714" base_type="uint32" attributes="volatile extern" complete_type="uint32" init_mode="PERMANENT" init_modes_allowed="4" init_range="min..max" global_assert="disabled" assert_range="disabled"/>
         </struct>
         <struct name="DDA1" comment="" line="2714" attributes="volatile extern">
            <scalar name="UINT32" comment="" line="2714" base_type="uint32" attributes="volatile extern" complete_type="uint32" init_mode="PERMANENT" init_modes_allowed="4" init_range="min..max" global_assert="disabled" assert_range="disabled"/>
         </struct>
         <struct name="DDA10" comment="" line="2714" attributes="volatile extern">
            <scalar name="UINT32" comment="" line="2714" base_type="uint32" attributes="volatile extern" complete_type="uint32" init_mode="PERMANENT" init_modes_allowed="4" init_range="min..max" global_assert="disabled" assert_range="disabled"/>
         </struct>
         <struct name="DDA11" comment="" line="2714" attributes="volatile extern">
            <scalar name="UINT32" comment="" line="2714" base_type="uint32" attributes="volatile extern" complete_type="uint32" init_mode="PERMANENT" init_modes_allowed="4" init_range="min..max" global_assert="disabled" assert_range="disabled"/>
         </struct>
         <struct name="DDA12" comment="" line="2714" attributes="volatile extern">
            <scalar name="UINT32" comment="" line="2714" base_type="uint32" attributes="volatile extern" complete_type="uint32" init_mode="PERMANENT" init_modes_allowed="4" init_range="min..max" global_assert="disabled" assert_range="disabled"/>
         </struct>
         <struct name="DDA13" comment="" line="2714" attributes="volatile extern">
            <scalar name="UINT32" comment="" line="2714" base_type="uint32" attributes="volatile extern" complete_type="uint32" init_mode="PERMANENT" init_modes_allowed="4" init_range="min..max" global_assert="disabled" assert_range="disabled"/>
         </struct>
         <struct name="DDA14" comment="" line="2714" attributes="volatile extern">
            <scalar name="UINT32" comment="" line="2714" base_type="uint32" attributes="volatile extern" complete_type="uint32" init_mode="PERMANENT" init_modes_allowed="4" init_range="min..max" global_assert="disabled" assert_range="disabled"/>
         </struct>
         <struct name="DDA15" comment="" line="2714" attributes="volatile extern">
            <scalar name="UINT32" comment="" line="2714" base_type="uint32" attributes="volatile extern" complete_type="uint32" init_mode="PERMANENT" init_modes_allowed="4" init_range="min..max" global_assert="disabled" assert_range="disabled"/>
         </struct>
         <struct name="DDA2" comment="" line="2714" attributes="volatile extern">
            <scalar name="UINT32" comment="" line="2714" base_type="uint32" attributes="volatile extern" complete_type="uint32" init_mode="PERMANENT" init_modes_allowed="4" init_range="min..max" global_assert="disabled" assert_range="disabled"/>
         </struct>
         <struct name="DDA3" comment="" line="2714" attributes="volatile extern">
            <scalar name="UINT32" comment="" line="2714" base_type="uint32" attributes="volatile extern" complete_type="uint32" init_mode="PERMANENT" init_modes_allowed="4" init_range="min..max" global_assert="disabled" assert_range="disabled"/>
         </struct>
         <struct name="DDA4" comment="" line="2714" attributes="volatile extern">
            <scalar name="UINT32" comment="" line="2714" base_type="uint32" attributes="volatile extern" complete_type="uint32" init_mode="PERMANENT" init_modes_allowed="4" init_range="min..max" global_assert="disabled" assert_range="disabled"/>
         </struct>
         <struct name="DDA9" comment="" line="2714" attributes="volatile extern">
            <scalar name="UINT32" comment="" line="2714" base_type="uint32" attributes="volatile extern" complete_type="uint32" init_mode="PERMANENT" init_modes_allowed="4" init_range="min..max" global_assert="disabled" assert_range="disabled"/>
         </struct>
         <struct name="DM00CM" comment="" line="2714" attributes="volatile extern">
            <scalar name="UINT32" comment="" line="2714" base_type="uint32" attributes="volatile extern" complete_type="uint32" init_mode="PERMANENT" init_modes_allowed="4" init_range="min..max" global_assert="disabled" assert_range="disabled"/>
         </struct>
         <struct name="DM01CM" comment="" line="2714" attributes="volatile extern">
            <scalar name="UINT32" comment="" line="2714" base_type="uint32" attributes="volatile extern" complete_type="uint32" init_mode="PERMANENT" init_modes_allowed="4" init_range="min..max" global_assert="disabled" assert_range="disabled"/>
         </struct>
         <struct name="DM02CM" comment="" line="2714" attributes="volatile extern">
            <scalar name="UINT32" comment="" line="2714" base_type="uint32" attributes="volatile extern" complete_type="uint32" init_mode="PERMANENT" init_modes_allowed="4" init_range="min..max" global_assert="disabled" assert_range="disabled"/>
         </struct>
         <struct name="DM03CM" comment="" line="2714" attributes="volatile extern">
            <scalar name="UINT32" comment="" line="2714" base_type="uint32" attributes="volatile extern" complete_type="uint32" init_mode="PERMANENT" init_modes_allowed="4" init_range="min..max" global_assert="disabled" assert_range="disabled"/>
         </struct>
         <struct name="DM04CM" comment="" line="2714" attributes="volatile extern">
            <scalar name="UINT32" comment="" line="2714" base_type="uint32" attributes="volatile extern" complete_type="uint32" init_mode="PERMANENT" init_modes_allowed="4" init_range="min..max" global_assert="disabled" assert_range="disabled"/>
         </struct>
         <struct name="DM11CM" comment="" line="2714" attributes="volatile extern">
            <scalar name="UINT32" comment="" line="2714" base_type="uint32" attributes="volatile extern" complete_type="uint32" init_mode="PERMANENT" init_modes_allowed="4" init_range="min..max" global_assert="disabled" assert_range="disabled"/>
         </struct>
         <struct name="DM12CM" comment="" line="2714" attributes="volatile extern">
            <scalar name="UINT32" comment="" line="2714" base_type="uint32" attributes="volatile extern" complete_type="uint32" init_mode="PERMANENT" init_modes_allowed="4" init_range="min..max" global_assert="disabled" assert_range="disabled"/>
         </struct>
         <struct name="DM13CM" comment="" line="2714" attributes="volatile extern">
            <scalar name="UINT32" comment="" line="2714" base_type="uint32" attributes="volatile extern" complete_type="uint32" init_mode="PERMANENT" init_modes_allowed="4" init_range="min..max" global_assert="disabled" assert_range="disabled"/>
         </struct>
         <struct name="DM14CM" comment="" line="2714" attributes="volatile extern">
            <scalar name="UINT32" comment="" line="2714" base_type="uint32" attributes="volatile extern" complete_type="uint32" init_mode="PERMANENT" init_modes_allowed="4" init_range="min..max" global_assert="disabled" assert_range="disabled"/>
         </struct>
         <struct name="DM15CM" comment="" line="2714" attributes="volatile extern">
            <scalar name="UINT32" comment="" line="2714" base_type="uint32" attributes="volatile extern" complete_type="uint32" init_mode="PERMANENT" init_modes_allowed="4" init_range="min..max" global_assert="disabled" assert_range="disabled"/>
         </struct>
         <struct name="DM16CM" comment="" line="2714" attributes="volatile extern">
            <scalar name="UINT32" comment="" line="2714" base_type="uint32" attributes="volatile extern" complete_type="uint32" init_mode="PERMANENT" init_modes_allowed="4" init_range="min..max" global_assert="disabled" assert_range="disabled"/>
         </struct>
         <struct name="DM17CM" comment="" line="2714" attributes="volatile extern">
            <scalar name="UINT32" comment="" line="2714" base_type="uint32" attributes="volatile extern" complete_type="uint32" init_mode="PERMANENT" init_modes_allowed="4" init_range="min..max" global_assert="disabled" assert_range="disabled"/>
         </struct>
         <struct name="DRDA0" comment="" line="2714" attributes="volatile extern">
            <scalar name="UINT32" comment="" line="2714" base_type="uint32" attributes="volatile extern" complete_type="uint32" init_mode="PERMANENT" init_modes_allowed="4" init_range="min..max" global_assert="disabled" assert_range="disabled"/>
         </struct>
         <struct name="DRDA1" comment="" line="2714" attributes="volatile extern">
            <scalar name="UINT32" comment="" line="2714" base_type="uint32" attributes="volatile extern" complete_type="uint32" init_mode="PERMANENT" init_modes_allowed="4" init_range="min..max" global_assert="disabled" assert_range="disabled"/>
         </struct>
         <struct name="DRDA10" comment="" line="2714" attributes="volatile extern">
            <scalar name="UINT32" comment="" line="2714" base_type="uint32" attributes="volatile extern" complete_type="uint32" init_mode="PERMANENT" init_modes_allowed="4" init_range="min..max" global_assert="disabled" assert_range="disabled"/>
         </struct>
         <struct name="DRDA11" comment="" line="2714" attributes="volatile extern">
            <scalar name="UINT32" comment="" line="2714" base_type="uint32" attributes="volatile extern" complete_type="uint32" init_mode="PERMANENT" init_modes_allowed="4" init_range="min..max" global_assert="disabled" assert_range="disabled"/>
         </struct>
         <struct name="DRDA12" comment="" line="2714" attributes="volatile extern">
            <scalar name="UINT32" comment="" line="2714" base_type="uint32" attributes="volatile extern" complete_type="uint32" init_mode="PERMANENT" init_modes_allowed="4" init_range="min..max" global_assert="disabled" assert_range="disabled"/>
         </struct>
         <struct name="DRDA13" comment="" line="2714" attributes="volatile extern">
            <scalar name="UINT32" comment="" line="2714" base_type="uint32" attributes="volatile extern" complete_type="uint32" init_mode="PERMANENT" init_modes_allowed="4" init_range="min..max" global_assert="disabled" assert_range="disabled"/>
         </struct>
         <struct name="DRDA14" comment="" line="2714" attributes="volatile extern">
            <scalar name="UINT32" comment="" line="2714" base_type="uint32" attributes="volatile extern" complete_type="uint32" init_mode="PERMANENT" init_modes_allowed="4" init_range="min..max" global_assert="disabled" assert_range="disabled"/>
         </struct>
         <struct name="DRDA15" comment="" line="2714" attributes="volatile extern">
            <scalar name="UINT32" comment="" line="2714" base_type="uint32" attributes="volatile extern" complete_type="uint32" init_mode="PERMANENT" init_modes_allowed="4" init_range="min..max" global_assert="disabled" assert_range="disabled"/>
         </struct>
         <struct name="DRDA2" comment="" line="2714" attributes="volatile extern">
            <scalar name="UINT32" comment="" line="2714" base_type="uint32" attributes="volatile extern" complete_type="uint32" init_mode="PERMANENT" init_modes_allowed="4" init_range="min..max" global_assert="disabled" assert_range="disabled"/>
         </struct>
         <struct name="DRDA3" comment="" line="2714" attributes="volatile extern">
            <scalar name="UINT32" comment="" line="2714" base_type="uint32" attributes="volatile extern" complete_type="uint32" init_mode="PERMANENT" init_modes_allowed="4" init_range="min..max" global_assert="disabled" assert_range="disabled"/>
         </struct>
         <struct name="DRDA4" comment="" line="2714" attributes="volatile extern">
            <scalar name="UINT32" comment="" line="2714" base_type="uint32" attributes="volatile extern" complete_type="uint32" init_mode="PERMANENT" init_modes_allowed="4" init_range="min..max" global_assert="disabled" assert_range="disabled"/>
         </struct>
         <struct name="DRDA9" comment="" line="2714" attributes="volatile extern">
            <scalar name="UINT32" comment="" line="2714" base_type="uint32" attributes="volatile extern" complete_type="uint32" init_mode="PERMANENT" init_modes_allowed="4" init_range="min..max" global_assert="disabled" assert_range="disabled"/>
         </struct>
         <struct name="DRSA0" comment="" line="2714" attributes="volatile extern">
            <scalar name="UINT32" comment="" line="2714" base_type="uint32" attributes="volatile extern" complete_type="uint32" init_mode="PERMANENT" init_modes_allowed="4" init_range="min..max" global_assert="disabled" assert_range="disabled"/>
         </struct>
         <struct name="DRSA1" comment="" line="2714" attributes="volatile extern">
            <scalar name="UINT32" comment="" line="2714" base_type="uint32" attributes="volatile extern" complete_type="uint32" init_mode="PERMANENT" init_modes_allowed="4" init_range="min..max" global_assert="disabled" assert_range="disabled"/>
         </struct>
         <struct name="DRSA10" comment="" line="2714" attributes="volatile extern">
            <scalar name="UINT32" comment="" line="2714" base_type="uint32" attributes="volatile extern" complete_type="uint32" init_mode="PERMANENT" init_modes_allowed="4" init_range="min..max" global_assert="disabled" assert_range="disabled"/>
         </struct>
         <struct name="DRSA11" comment="" line="2714" attributes="volatile extern">
            <scalar name="UINT32" comment="" line="2714" base_type="uint32" attributes="volatile extern" complete_type="uint32" init_mode="PERMANENT" init_modes_allowed="4" init_range="min..max" global_assert="disabled" assert_range="disabled"/>
         </struct>
         <struct name="DRSA12" comment="" line="2714" attributes="volatile extern">
            <scalar name="UINT32" comment="" line="2714" base_type="uint32" attributes="volatile extern" complete_type="uint32" init_mode="PERMANENT" init_modes_allowed="4" init_range="min..max" global_assert="disabled" assert_range="disabled"/>
         </struct>
         <struct name="DRSA13" comment="" line="2714" attributes="volatile extern">
            <scalar name="UINT32" comment="" line="2714" base_type="uint32" attributes="volatile extern" complete_type="uint32" init_mode="PERMANENT" init_modes_allowed="4" init_range="min..max" global_assert="disabled" assert_range="disabled"/>
         </struct>
         <struct name="DRSA14" comment="" line="2714" attributes="volatile extern">
            <scalar name="UINT32" comment="" line="2714" base_type="uint32" attributes="volatile extern" complete_type="uint32" init_mode="PERMANENT" init_modes_allowed="4" init_range="min..max" global_assert="disabled" assert_range="disabled"/>
         </struct>
         <struct name="DRSA15" comment="" line="2714" attributes="volatile extern">
            <scalar name="UINT32" comment="" line="2714" base_type="uint32" attributes="volatile extern" complete_type="uint32" init_mode="PERMANENT" init_modes_allowed="4" init_range="min..max" global_assert="disabled" assert_range="disabled"/>
         </struct>
         <struct name="DRSA2" comment="" line="2714" attributes="volatile extern">
            <scalar name="UINT32" comment="" line="2714" base_type="uint32" attributes="volatile extern" complete_type="uint32" init_mode="PERMANENT" init_modes_allowed="4" init_range="min..max" global_assert="disabled" assert_range="disabled"/>
         </struct>
         <struct name="DRSA3" comment="" line="2714" attributes="volatile extern">
            <scalar name="UINT32" comment="" line="2714" base_type="uint32" attributes="volatile extern" complete_type="uint32" init_mode="PERMANENT" init_modes_allowed="4" init_range="min..max" global_assert="disabled" assert_range="disabled"/>
         </struct>
         <struct name="DRSA4" comment="" line="2714" attributes="volatile extern">
            <scalar name="UINT32" comment="" line="2714" base_type="uint32" attributes="volatile extern" complete_type="uint32" init_mode="PERMANENT" init_modes_allowed="4" init_range="min..max" global_assert="disabled" assert_range="disabled"/>
         </struct>
         <struct name="DRSA9" comment="" line="2714" attributes="volatile extern">
            <scalar name="UINT32" comment="" line="2714" base_type="uint32" attributes="volatile extern" complete_type="uint32" init_mode="PERMANENT" init_modes_allowed="4" init_range="min..max" global_assert="disabled" assert_range="disabled"/>
         </struct>
         <struct name="DRTC0" comment="" line="2714" attributes="volatile extern">
            <scalar name="UINT32" comment="" line="2714" base_type="uint32" attributes="volatile extern" complete_type="uint32" init_mode="PERMANENT" init_modes_allowed="4" init_range="min..max" global_assert="disabled" assert_range="disabled"/>
         </struct>
         <struct name="DRTC1" comment="" line="2714" attributes="volatile extern">
            <scalar name="UINT32" comment="" line="2714" base_type="uint32" attributes="volatile extern" complete_type="uint32" init_mode="PERMANENT" init_modes_allowed="4" init_range="min..max" global_assert="disabled" assert_range="disabled"/>
         </struct>
         <struct name="DRTC10" comment="" line="2714" attributes="volatile extern">
            <scalar name="UINT32" comment="" line="2714" base_type="uint32" attributes="volatile extern" complete_type="uint32" init_mode="PERMANENT" init_modes_allowed="4" init_range="min..max" global_assert="disabled" assert_range="disabled"/>
         </struct>
         <struct name="DRTC11" comment="" line="2714" attributes="volatile extern">
            <scalar name="UINT32" comment="" line="2714" base_type="uint32" attributes="volatile extern" complete_type="uint32" init_mode="PERMANENT" init_modes_allowed="4" init_range="min..max" global_assert="disabled" assert_range="disabled"/>
         </struct>
         <struct name="DRTC12" comment="" line="2714" attributes="volatile extern">
            <scalar name="UINT32" comment="" line="2714" base_type="uint32" attributes="volatile extern" complete_type="uint32" init_mode="PERMANENT" init_modes_allowed="4" init_range="min..max" global_assert="disabled" assert_range="disabled"/>
         </struct>
         <struct name="DRTC13" comment="" line="2714" attributes="volatile extern">
            <scalar name="UINT32" comment="" line="2714" base_type="uint32" attributes="volatile extern" complete_type="uint32" init_mode="PERMANENT" init_modes_allowed="4" init_range="min..max" global_assert="disabled" assert_range="disabled"/>
         </struct>
         <struct name="DRTC14" comment="" line="2714" attributes="volatile extern">
            <scalar name="UINT32" comment="" line="2714" base_type="uint32" attributes="volatile extern" complete_type="uint32" init_mode="PERMANENT" init_modes_allowed="4" init_range="min..max" global_assert="disabled" assert_range="disabled"/>
         </struct>
         <struct name="DRTC15" comment="" line="2714" attributes="volatile extern">
            <scalar name="UINT32" comment="" line="2714" base_type="uint32" attributes="volatile extern" complete_type="uint32" init_mode="PERMANENT" init_modes_allowed="4" init_range="min..max" global_assert="disabled" assert_range="disabled"/>
         </struct>
         <struct name="DRTC2" comment="" line="2714" attributes="volatile extern">
            <scalar name="UINT32" comment="" line="2714" base_type="uint32" attributes="volatile extern" complete_type="uint32" init_mode="PERMANENT" init_modes_allowed="4" init_range="min..max" global_assert="disabled" assert_range="disabled"/>
         </struct>
         <struct name="DRTC3" comment="" line="2714" attributes="volatile extern">
            <scalar name="UINT32" comment="" line="2714" base_type="uint32" attributes="volatile extern" complete_type="uint32" init_mode="PERMANENT" init_modes_allowed="4" init_range="min..max" global_assert="disabled" assert_range="disabled"/>
         </struct>
         <struct name="DRTC4" comment="" line="2714" attributes="volatile extern">
            <scalar name="UINT32" comment="" line="2714" base_type="uint32" attributes="volatile extern" complete_type="uint32" init_mode="PERMANENT" init_modes_allowed="4" init_range="min..max" global_assert="disabled" assert_range="disabled"/>
         </struct>
         <struct name="DRTC9" comment="" line="2714" attributes="volatile extern">
            <scalar name="UINT32" comment="" line="2714" base_type="uint32" attributes="volatile extern" complete_type="uint32" init_mode="PERMANENT" init_modes_allowed="4" init_range="min..max" global_assert="disabled" assert_range="disabled"/>
         </struct>
         <struct name="DSA0" comment="" line="2714" attributes="volatile extern">
            <scalar name="UINT32" comment="" line="2714" base_type="uint32" attributes="volatile extern" complete_type="uint32" init_mode="PERMANENT" init_modes_allowed="4" init_range="min..max" global_assert="disabled" assert_range="disabled"/>
         </struct>
         <struct name="DSA1" comment="" line="2714" attributes="volatile extern">
            <scalar name="UINT32" comment="" line="2714" base_type="uint32" attributes="volatile extern" complete_type="uint32" init_mode="PERMANENT" init_modes_allowed="4" init_range="min..max" global_assert="disabled" assert_range="disabled"/>
         </struct>
         <struct name="DSA10" comment="" line="2714" attributes="volatile extern">
            <scalar name="UINT32" comment="" line="2714" base_type="uint32" attributes="volatile extern" complete_type="uint32" init_mode="PERMANENT" init_modes_allowed="4" init_range="min..max" global_assert="disabled" assert_range="disabled"/>
         </struct>
         <struct name="DSA11" comment="" line="2714" attributes="volatile extern">
            <scalar name="UINT32" comment="" line="2714" base_type="uint32" attributes="volatile extern" complete_type="uint32" init_mode="PERMANENT" init_modes_allowed="4" init_range="min..max" global_assert="disabled" assert_range="disabled"/>
         </struct>
         <struct name="DSA12" comment="" line="2714" attributes="volatile extern">
            <scalar name="UINT32" comment="" line="2714" base_type="uint32" attributes="volatile extern" complete_type="uint32" init_mode="PERMANENT" init_modes_allowed="4" init_range="min..max" global_assert="disabled" assert_range="disabled"/>
         </struct>
         <struct name="DSA13" comment="" line="2714" attributes="volatile extern">
            <scalar name="UINT32" comment="" line="2714" base_type="uint32" attributes="volatile extern" complete_type="uint32" init_mode="PERMANENT" init_modes_allowed="4" init_range="min..max" global_assert="disabled" assert_range="disabled"/>
         </struct>
         <struct name="DSA14" comment="" line="2714" attributes="volatile extern">
            <scalar name="UINT32" comment="" line="2714" base_type="uint32" attributes="volatile extern" complete_type="uint32" init_mode="PERMANENT" init_modes_allowed="4" init_range="min..max" global_assert="disabled" assert_range="disabled"/>
         </struct>
         <struct name="DSA15" comment="" line="2714" attributes="volatile extern">
            <scalar name="UINT32" comment="" line="2714" base_type="uint32" attributes="volatile extern" complete_type="uint32" init_mode="PERMANENT" init_modes_allowed="4" init_range="min..max" global_assert="disabled" assert_range="disabled"/>
         </struct>
         <struct name="DSA2" comment="" line="2714" attributes="volatile extern">
            <scalar name="UINT32" comment="" line="2714" base_type="uint32" attributes="volatile extern" complete_type="uint32" init_mode="PERMANENT" init_modes_allowed="4" init_range="min..max" global_assert="disabled" assert_range="disabled"/>
         </struct>
         <struct name="DSA3" comment="" line="2714" attributes="volatile extern">
            <scalar name="UINT32" comment="" line="2714" base_type="uint32" attributes="volatile extern" complete_type="uint32" init_mode="PERMANENT" init_modes_allowed="4" init_range="min..max" global_assert="disabled" assert_range="disabled"/>
         </struct>
         <struct name="DSA4" comment="" line="2714" attributes="volatile extern">
            <scalar name="UINT32" comment="" line="2714" base_type="uint32" attributes="volatile extern" complete_type="uint32" init_mode="PERMANENT" init_modes_allowed="4" init_range="min..max" global_assert="disabled" assert_range="disabled"/>
         </struct>
         <struct name="DSA9" comment="" line="2714" attributes="volatile extern">
            <scalar name="UINT32" comment="" line="2714" base_type="uint32" attributes="volatile extern" complete_type="uint32" init_mode="PERMANENT" init_modes_allowed="4" init_range="min..max" global_assert="disabled" assert_range="disabled"/>
         </struct>
         <struct name="DTC0" comment="" line="2714" attributes="volatile extern">
            <scalar name="UINT32" comment="" line="2714" base_type="uint32" attributes="volatile extern" complete_type="uint32" init_mode="PERMANENT" init_modes_allowed="4" init_range="min..max" global_assert="disabled" assert_range="disabled"/>
         </struct>
         <struct name="DTC1" comment="" line="2714" attributes="volatile extern">
            <scalar name="UINT32" comment="" line="2714" base_type="uint32" attributes="volatile extern" complete_type="uint32" init_mode="PERMANENT" init_modes_allowed="4" init_range="min..max" global_assert="disabled" assert_range="disabled"/>
         </struct>
         <struct name="DTC10" comment="" line="2714" attributes="volatile extern">
            <scalar name="UINT32" comment="" line="2714" base_type="uint32" attributes="volatile extern" complete_type="uint32" init_mode="PERMANENT" init_modes_allowed="4" init_range="min..max" global_assert="disabled" assert_range="disabled"/>
         </struct>
         <struct name="DTC11" comment="" line="2714" attributes="volatile extern">
            <scalar name="UINT32" comment="" line="2714" base_type="uint32" attributes="volatile extern" complete_type="uint32" init_mode="PERMANENT" init_modes_allowed="4" init_range="min..max" global_assert="disabled" assert_range="disabled"/>
         </struct>
         <struct name="DTC12" comment="" line="2714" attributes="volatile extern">
            <scalar name="UINT32" comment="" line="2714" base_type="uint32" attributes="volatile extern" complete_type="uint32" init_mode="PERMANENT" init_modes_allowed="4" init_range="min..max" global_assert="disabled" assert_range="disabled"/>
         </struct>
         <struct name="DTC13" comment="" line="2714" attributes="volatile extern">
            <scalar name="UINT32" comment="" line="2714" base_type="uint32" attributes="volatile extern" complete_type="uint32" init_mode="PERMANENT" init_modes_allowed="4" init_range="min..max" global_assert="disabled" assert_range="disabled"/>
         </struct>
         <struct name="DTC14" comment="" line="2714" attributes="volatile extern">
            <scalar name="UINT32" comment="" line="2714" base_type="uint32" attributes="volatile extern" complete_type="uint32" init_mode="PERMANENT" init_modes_allowed="4" init_range="min..max" global_assert="disabled" assert_range="disabled"/>
         </struct>
         <struct name="DTC15" comment="" line="2714" attributes="volatile extern">
            <scalar name="UINT32" comment="" line="2714" base_type="uint32" attributes="volatile extern" complete_type="uint32" init_mode="PERMANENT" init_modes_allowed="4" init_range="min..max" global_assert="disabled" assert_range="disabled"/>
         </struct>
         <struct name="DTC2" comment="" line="2714" attributes="volatile extern">
            <scalar name="UINT32" comment="" line="2714" base_type="uint32" attributes="volatile extern" complete_type="uint32" init_mode="PERMANENT" init_modes_allowed="4" init_range="min..max" global_assert="disabled" assert_range="disabled"/>
         </struct>
         <struct name="DTC3" comment="" line="2714" attributes="volatile extern">
            <scalar name="UINT32" comment="" line="2714" base_type="uint32" attributes="volatile extern" complete_type="uint32" init_mode="PERMANENT" init_modes_allowed="4" init_range="min..max" global_assert="disabled" assert_range="disabled"/>
         </struct>
         <struct name="DTC4" comment="" line="2714" attributes="volatile extern">
            <scalar name="UINT32" comment="" line="2714" base_type="uint32" attributes="volatile extern" complete_type="uint32" init_mode="PERMANENT" init_modes_allowed="4" init_range="min..max" global_assert="disabled" assert_range="disabled"/>
         </struct>
         <struct name="DTC9" comment="" line="2714" attributes="volatile extern">
            <scalar name="UINT32" comment="" line="2714" base_type="uint32" attributes="volatile extern" complete_type="uint32" init_mode="PERMANENT" init_modes_allowed="4" init_range="min..max" global_assert="disabled" assert_range="disabled"/>
         </struct>
         <struct name="DTCT0" comment="" line="2714" attributes="volatile extern">
            <scalar name="UINT32" comment="" line="2714" base_type="uint32" attributes="volatile extern" complete_type="uint32" init_mode="PERMANENT" init_modes_allowed="4" init_range="min..max" global_assert="disabled" assert_range="disabled"/>
         </struct>
         <struct name="DTCT1" comment="" line="2714" attributes="volatile extern">
            <scalar name="UINT32" comment="" line="2714" base_type="uint32" attributes="volatile extern" complete_type="uint32" init_mode="PERMANENT" init_modes_allowed="4" init_range="min..max" global_assert="disabled" assert_range="disabled"/>
         </struct>
         <struct name="DTCT10" comment="" line="2714" attributes="volatile extern">
            <scalar name="UINT32" comment="" line="2714" base_type="uint32" attributes="volatile extern" complete_type="uint32" init_mode="PERMANENT" init_modes_allowed="4" init_range="min..max" global_assert="disabled" assert_range="disabled"/>
         </struct>
         <struct name="DTCT11" comment="" line="2714" attributes="volatile extern">
            <scalar name="UINT32" comment="" line="2714" base_type="uint32" attributes="volatile extern" complete_type="uint32" init_mode="PERMANENT" init_modes_allowed="4" init_range="min..max" global_assert="disabled" assert_range="disabled"/>
         </struct>
         <struct name="DTCT12" comment="" line="2714" attributes="volatile extern">
            <scalar name="UINT32" comment="" line="2714" base_type="uint32" attributes="volatile extern" complete_type="uint32" init_mode="PERMANENT" init_modes_allowed="4" init_range="min..max" global_assert="disabled" assert_range="disabled"/>
         </struct>
         <struct name="DTCT13" comment="" line="2714" attributes="volatile extern">
            <scalar name="UINT32" comment="" line="2714" base_type="uint32" attributes="volatile extern" complete_type="uint32" init_mode="PERMANENT" init_modes_allowed="4" init_range="min..max" global_assert="disabled" assert_range="disabled"/>
         </struct>
         <struct name="DTCT14" comment="" line="2714" attributes="volatile extern">
            <scalar name="UINT32" comment="" line="2714" base_type="uint32" attributes="volatile extern" complete_type="uint32" init_mode="PERMANENT" init_modes_allowed="4" init_range="min..max" global_assert="disabled" assert_range="disabled"/>
         </struct>
         <struct name="DTCT15" comment="" line="2714" attributes="volatile extern">
            <scalar name="UINT32" comment="" line="2714" base_type="uint32" attributes="volatile extern" complete_type="uint32" init_mode="PERMANENT" init_modes_allowed="4" init_range="min..max" global_assert="disabled" assert_range="disabled"/>
         </struct>
         <struct name="DTCT2" comment="" line="2714" attributes="volatile extern">
            <scalar name="UINT32" comment="" line="2714" base_type="uint32" attributes="volatile extern" complete_type="uint32" init_mode="PERMANENT" init_modes_allowed="4" init_range="min..max" global_assert="disabled" assert_range="disabled"/>
         </struct>
         <struct name="DTCT3" comment="" line="2714" attributes="volatile extern">
            <scalar name="UINT32" comment="" line="2714" base_type="uint32" attributes="volatile extern" complete_type="uint32" init_mode="PERMANENT" init_modes_allowed="4" init_range="min..max" global_assert="disabled" assert_range="disabled"/>
         </struct>
         <struct name="DTCT4" comment="" line="2714" attributes="volatile extern">
            <scalar name="UINT32" comment="" line="2714" base_type="uint32" attributes="volatile extern" complete_type="uint32" init_mode="PERMANENT" init_modes_allowed="4" init_range="min..max" global_assert="disabled" assert_range="disabled"/>
         </struct>
         <struct name="DTCT9" comment="" line="2714" attributes="volatile extern">
            <scalar name="UINT32" comment="" line="2714" base_type="uint32" attributes="volatile extern" complete_type="uint32" init_mode="PERMANENT" init_modes_allowed="4" init_range="min..max" global_assert="disabled" assert_range="disabled"/>
         </struct>
         <struct name="DTFR0" comment="" line="2714" attributes="volatile extern">
            <scalar name="UINT32" comment="" line="2714" base_type="uint32" attributes="volatile extern" complete_type="uint32" init_mode="PERMANENT" init_modes_allowed="4" init_range="min..max" global_assert="disabled" assert_range="disabled"/>
         </struct>
         <struct name="DTFR1" comment="" line="2714" attributes="volatile extern">
            <scalar name="UINT32" comment="" line="2714" base_type="uint32" attributes="volatile extern" complete_type="uint32" init_mode="PERMANENT" init_modes_allowed="4" init_range="min..max" global_assert="disabled" assert_range="disabled"/>
         </struct>
         <struct name="DTFR10" comment="" line="2714" attributes="volatile extern">
            <scalar name="UINT32" comment="" line="2714" base_type="uint32" attributes="volatile extern" complete_type="uint32" init_mode="PERMANENT" init_modes_allowed="4" init_range="min..max" global_assert="disabled" assert_range="disabled"/>
         </struct>
         <struct name="DTFR11" comment="" line="2714" attributes="volatile extern">
            <scalar name="UINT32" comment="" line="2714" base_type="uint32" attributes="volatile extern" complete_type="uint32" init_mode="PERMANENT" init_modes_allowed="4" init_range="min..max" global_assert="disabled" assert_range="disabled"/>
         </struct>
         <struct name="DTFR12" comment="" line="2714" attributes="volatile extern">
            <scalar name="UINT32" comment="" line="2714" base_type="uint32" attributes="volatile extern" complete_type="uint32" init_mode="PERMANENT" init_modes_allowed="4" init_range="min..max" global_assert="disabled" assert_range="disabled"/>
         </struct>
         <struct name="DTFR13" comment="" line="2714" attributes="volatile extern">
            <scalar name="UINT32" comment="" line="2714" base_type="uint32" attributes="volatile extern" complete_type="uint32" init_mode="PERMANENT" init_modes_allowed="4" init_range="min..max" global_assert="disabled" assert_range="disabled"/>
         </struct>
         <struct name="DTFR14" comment="" line="2714" attributes="volatile extern">
            <scalar name="UINT32" comment="" line="2714" base_type="uint32" attributes="volatile extern" complete_type="uint32" init_mode="PERMANENT" init_modes_allowed="4" init_range="min..max" global_assert="disabled" assert_range="disabled"/>
         </struct>
         <struct name="DTFR15" comment="" line="2714" attributes="volatile extern">
            <scalar name="UINT32" comment="" line="2714" base_type="uint32" attributes="volatile extern" complete_type="uint32" init_mode="PERMANENT" init_modes_allowed="4" init_range="min..max" global_assert="disabled" assert_range="disabled"/>
         </struct>
         <struct name="DTFR2" comment="" line="2714" attributes="volatile extern">
            <scalar name="UINT32" comment="" line="2714" base_type="uint32" attributes="volatile extern" complete_type="uint32" init_mode="PERMANENT" init_modes_allowed="4" init_range="min..max" global_assert="disabled" assert_range="disabled"/>
         </struct>
         <struct name="DTFR3" comment="" line="2714" attributes="volatile extern">
            <scalar name="UINT32" comment="" line="2714" base_type="uint32" attributes="volatile extern" complete_type="uint32" init_mode="PERMANENT" init_modes_allowed="4" init_range="min..max" global_assert="disabled" assert_range="disabled"/>
         </struct>
         <struct name="DTFR4" comment="" line="2714" attributes="volatile extern">
            <scalar name="UINT32" comment="" line="2714" base_type="uint32" attributes="volatile extern" complete_type="uint32" init_mode="PERMANENT" init_modes_allowed="4" init_range="min..max" global_assert="disabled" assert_range="disabled"/>
         </struct>
         <struct name="DTFR9" comment="" line="2714" attributes="volatile extern">
            <scalar name="UINT32" comment="" line="2714" base_type="uint32" attributes="volatile extern" complete_type="uint32" init_mode="PERMANENT" init_modes_allowed="4" init_range="min..max" global_assert="disabled" assert_range="disabled"/>
         </struct>
         <struct name="DTFRRQC14" comment="" line="2714" attributes="volatile extern">
            <struct name="BIT" comment="" line="2714" attributes="volatile extern">
               <scalar name="DRQC" comment="" line="2714" base_type="uint1" attributes="volatile extern" complete_type="uint1" init_mode="PERMANENT" init_modes_allowed="4" init_range="min..max" global_assert="disabled" assert_range="disabled"/>
            </struct>
         </struct>
         <struct name="DTFRRQC9" comment="" line="2714" attributes="volatile extern">
            <struct name="BIT" comment="" line="2714" attributes="volatile extern">
               <scalar name="DRQC" comment="" line="2714" base_type="uint1" attributes="volatile extern" complete_type="uint1" init_mode="PERMANENT" init_modes_allowed="4" init_range="min..max" global_assert="disabled" assert_range="disabled"/>
            </struct>
         </struct>
      </struct>
   </file>
   <file name="C:\\Component\\AR202A_MicroCtrlrSuprt_Impl\\include\\P1M\\R7F701311\\tsg3_regs.h" comment="">
      <struct name="TSG31" comment="" line="897" attributes="volatile extern">
         <struct name="CMPWE" comment="" line="897" attributes="volatile extern">
            <scalar name="UINT32" comment="" line="897" base_type="uint32" attributes="volatile extern" complete_type="uint32" init_mode="PERMANENT" init_modes_allowed="4" init_range="min..max" global_assert="disabled" assert_range="disabled"/>
         </struct>
         <struct name="DCMP0E" comment="" line="897" attributes="volatile extern">
            <scalar name="UINT32" comment="" line="897" base_type="uint32" attributes="volatile extern" complete_type="uint32" init_mode="PERMANENT" init_modes_allowed="4" init_range="min..max" global_assert="disabled" assert_range="disabled"/>
         </struct>
      </struct>
   </file>
   <file name="C:\\Component\\CM200A_DmaCfgAndUse_Impl\\src\\CDD_DmaCfgAndUse.c" comment="">
      <function name="DmaCfgAndUseInit1" comment="" line="117" main_generator_called="MAIN_GENERATOR" attributes="unused"/>
      <function name="DmaCfgAndUsePer1" comment="" line="161" main_generator_called="MAIN_GENERATOR" attributes="unused"/>
      <function name="DmaEna2MilliSecToMotCtrlTrf_Oper" comment="" line="196" main_generator_called="MAIN_GENERATOR" attributes="unused"/>
      <function name="DmaRegInin" comment="" line="305" main_generator_called="MAIN_GENERATOR"/>
      <function name="DmaWaitForMotCtrlTo2MilliSecTrf_Oper" comment="" line="246" main_generator_called="MAIN_GENERATOR" attributes="unused">
         <scalar name="return" comment="" line="246" base_type="uint8" complete_type="uint8" init_mode="disabled" init_range="disabled" global_assert="unsupported" assert_range="unsupported"/>
      </function>
   </file>
   <file name="C:\\Component\\CM200A_DmaCfgAndUse_Impl\\tools\\contract\\CDD_MotCtrlMgr_Data.h" comment="">
      <array name="MOTCTRLMGR_MotCtrlAdc0RawRes" comment="" line="40" complete_type="uint32 []" attributes="extern">
         <scalar comment="" line="40" base_type="uint32" attributes="extern" complete_type="uint32" init_mode="INIT" init_modes_allowed="6" init_range="min..max" global_assert="NO" assert_range=""/>
      </array>
      <array name="MOTCTRLMGR_MotCtrlAdc1RawRes" comment="" line="45" complete_type="uint32 []" attributes="extern">
         <scalar comment="" line="45" base_type="uint32" attributes="extern" complete_type="uint32" init_mode="INIT" init_modes_allowed="6" init_range="min..max" global_assert="NO" assert_range=""/>
      </array>
      <array name="MOTCTRLMGR_MotCtrlMotAg0RawRes" comment="" line="38" complete_type="uint32 []" attributes="extern">
         <scalar comment="" line="38" base_type="uint32" attributes="extern" complete_type="uint32" init_mode="INIT" init_modes_allowed="6" init_range="min..max" global_assert="NO" assert_range=""/>
      </array>
      <array name="MOTCTRLMGR_MotCtrlMotAg1RawRes" comment="" line="39" complete_type="uint32 []" attributes="extern">
         <scalar comment="" line="39" base_type="uint32" attributes="extern" complete_type="uint32" init_mode="INIT" init_modes_allowed="6" init_range="min..max" global_assert="NO" assert_range=""/>
      </array>
      <scalar name="MOTCTRLMGR_MotCtrlTSG31CMPWE" comment="" line="42" base_type="uint32" attributes="extern" complete_type="uint32" init_mode="INIT" init_modes_allowed="6" init_range="min..max" global_assert="NO" assert_range=""/>
      <scalar name="MOTCTRLMGR_MotCtrlTSG31DCMP0E" comment="" line="41" base_type="uint32" attributes="extern" complete_type="uint32" init_mode="INIT" init_modes_allowed="6" init_range="min..max" global_assert="NO" assert_range=""/>
   </file>
   <file name="C:\\Component\\CM200A_DmaCfgAndUse_Impl\\tools\\contract\\Rte_CDD_DmaCfgAndUse.h" comment="">
      <function name="Rte_Call_CDD_DmaCfgAndUse_Adc1CfgAndUseAdc1EnaCnvn_Oper" comment="" line="78" main_generator_called="disabled" attributes="extern">
         <scalar name="return" comment="" line="78" base_type="uint8" complete_type="uint8" init_mode="PERMANENT" init_modes_allowed="4" init_range="min..max" global_assert="unsupported" assert_range="unsupported"/>
      </function>
      <function name="Rte_Call_CDD_DmaCfgAndUse_GetRefTmr1MicroSec32bit_Oper" comment="" line="79" main_generator_called="disabled" attributes="extern">
         <pointer name="arg1" comment="" line="79" complete_type="uint32 *" init_mode="disabled" initialize_pointer="disabled" number_allocated="disabled" init_pointed="MULTI">
            <scalar comment="" line="79" base_type="uint32" complete_type="uint32" init_mode="PERMANENT" init_modes_allowed="4" init_range="min..max" global_assert="unsupported" assert_range="unsupported"/>
         </pointer>
         <scalar name="return" comment="" line="79" base_type="uint8" complete_type="uint8" init_mode="PERMANENT" init_modes_allowed="4" init_range="min..max" global_assert="unsupported" assert_range="unsupported"/>
      </function>
      <function name="Rte_Call_CDD_DmaCfgAndUse_GetTiSpan1MicroSec32bit_Oper" comment="" line="80" main_generator_called="disabled" attributes="extern">
         <scalar name="arg1" comment="" line="80" base_type="uint32" complete_type="uint32" init_mode="disabled" init_range="disabled" global_assert="unsupported" assert_range="unsupported"/>
         <pointer name="arg2" comment="" line="80" complete_type="uint32 *" init_mode="disabled" initialize_pointer="disabled" number_allocated="disabled" init_pointed="MULTI">
            <scalar comment="" line="80" base_type="uint32" complete_type="uint32" init_mode="PERMANENT" init_modes_allowed="4" init_range="min..max" global_assert="unsupported" assert_range="unsupported"/>
         </pointer>
         <scalar name="return" comment="" line="80" base_type="uint8" complete_type="uint8" init_mode="PERMANENT" init_modes_allowed="4" init_range="min..max" global_assert="unsupported" assert_range="unsupported"/>
      </function>
      <pointer name="Rte_Inst_CDD_DmaCfgAndUse" comment="" line="64" attributes="extern const" complete_type="const struct Rte_CDS_CDD_DmaCfgAndUse *" init_mode="INIT" init_modes_allowed="2" initialize_pointer="May-be NULL" number_allocated="max" init_pointed="MULTI">
         <struct comment="" line="64" complete_type="struct Rte_CDS_CDD_DmaCfgAndUse" attributes="extern const">
            <pointer name="Pim_DmaCfgAndUse2MilliSecAdcStrtTi" comment="" line="64" attributes="extern const" complete_type="uint32 *" init_mode="INIT" init_modes_allowed="2" initialize_pointer="May-be NULL" number_allocated="max" init_pointed="MULTI">
               <scalar comment="" line="64" base_type="uint32" attributes="extern" complete_type="uint32" init_mode="INIT" init_modes_allowed="2" init_range="min..max" global_assert="unsupported" assert_range="unsupported"/>
            </pointer>
            <pointer name="Pim_MotAg0ReadPtrRst" comment="" line="64" attributes="extern const" complete_type="uint32 *" init_mode="INIT" init_modes_allowed="2" initialize_pointer="May-be NULL" number_allocated="max" init_pointed="MULTI">
               <scalar comment="" line="64" base_type="uint32" attributes="extern" complete_type="uint32" init_mode="INIT" init_modes_allowed="2" init_range="min..max" global_assert="unsupported" assert_range="unsupported"/>
            </pointer>
            <pointer name="Pim_MotAg0TrsmStrt" comment="" line="64" attributes="extern const" complete_type="uint32 *" init_mode="INIT" init_modes_allowed="2" initialize_pointer="May-be NULL" number_allocated="max" init_pointed="MULTI">
               <scalar comment="" line="64" base_type="uint32" attributes="extern" complete_type="uint32" init_mode="INIT" init_modes_allowed="2" init_range="min..max" global_assert="unsupported" assert_range="unsupported"/>
            </pointer>
            <pointer name="Pim_MotAg1ReadPtrRst" comment="" line="64" attributes="extern const" complete_type="uint32 *" init_mode="INIT" init_modes_allowed="2" initialize_pointer="May-be NULL" number_allocated="max" init_pointed="MULTI">
               <scalar comment="" line="64" base_type="uint32" attributes="extern" complete_type="uint32" init_mode="INIT" init_modes_allowed="2" init_range="min..max" global_assert="unsupported" assert_range="unsupported"/>
            </pointer>
            <pointer name="Pim_MotAg1TrsmStrt" comment="" line="64" attributes="extern const" complete_type="uint32 *" init_mode="INIT" init_modes_allowed="2" initialize_pointer="May-be NULL" number_allocated="max" init_pointed="MULTI">
               <scalar comment="" line="64" base_type="uint32" attributes="extern" complete_type="uint32" init_mode="INIT" init_modes_allowed="2" init_range="min..max" global_assert="unsupported" assert_range="unsupported"/>
            </pointer>
            <pointer name="Pim_d2MilliSecAdcActDmaTrfTi" comment="" line="64" attributes="extern const" complete_type="uint32 *" init_mode="INIT" init_modes_allowed="2" initialize_pointer="May-be NULL" number_allocated="max" init_pointed="MULTI">
               <scalar comment="" line="64" base_type="uint32" attributes="extern" complete_type="uint32" init_mode="INIT" init_modes_allowed="2" init_range="min..max" global_assert="unsupported" assert_range="unsupported"/>
            </pointer>
            <pointer name="Pim_d2MilliSecAdcMaxDmaTrfTi" comment="" line="64" attributes="extern const" complete_type="uint32 *" init_mode="INIT" init_modes_allowed="2" initialize_pointer="May-be NULL" number_allocated="max" init_pointed="MULTI">
               <scalar comment="" line="64" base_type="uint32" attributes="extern" complete_type="uint32" init_mode="INIT" init_modes_allowed="2" init_range="min..max" global_assert="unsupported" assert_range="unsupported"/>
            </pointer>
         </struct>
      </pointer>
   </file>
</global>
