<?xml version="1.0" encoding="UTF-8"?>

<MISRA-C-Report version="1.3">


<CodeStruct Name="" File="C:\Component\CM101A_ExcpnHndlg_Impl\src\CDD_ExcpnHndlgIrq.c" Line="0" Column="0">

<Rule Name="2.1" Mode="required" Report="warning" Id="7">
<Loc File="C:\Component\CM101A_ExcpnHndlg_Impl\src\CDD_ExcpnHndlgIrq.c" Line="80" Column="5">
</Loc>
<Message>
Assembly language shall be encapsulated and isolated.
</Message>
</Rule>

<Rule Name="2.1" Mode="required" Report="warning" Id="8">
<Loc File="C:\Component\CM101A_ExcpnHndlg_Impl\src\CDD_ExcpnHndlgIrq.c" Line="81" Column="5">
</Loc>
<Message>
Assembly language shall be encapsulated and isolated.
</Message>
</Rule>

<Rule Name="2.1" Mode="required" Report="warning" Id="9">
<Loc File="C:\Component\CM101A_ExcpnHndlg_Impl\src\CDD_ExcpnHndlgIrq.c" Line="82" Column="5">
</Loc>
<Message>
Assembly language shall be encapsulated and isolated.
</Message>
</Rule>

<Rule Name="2.1" Mode="required" Report="warning" Id="10">
<Loc File="C:\Component\CM101A_ExcpnHndlg_Impl\src\CDD_ExcpnHndlgIrq.c" Line="83" Column="5">
</Loc>
<Message>
Assembly language shall be encapsulated and isolated.
</Message>
</Rule>

<Rule Name="2.1" Mode="required" Report="warning" Id="11">
<Loc File="C:\Component\CM101A_ExcpnHndlg_Impl\src\CDD_ExcpnHndlgIrq.c" Line="84" Column="5">
</Loc>
<Message>
Assembly language shall be encapsulated and isolated.
</Message>
</Rule>

<Rule Name="2.1" Mode="required" Report="warning" Id="12">
<Loc File="C:\Component\CM101A_ExcpnHndlg_Impl\src\CDD_ExcpnHndlgIrq.c" Line="85" Column="5">
</Loc>
<Message>
Assembly language shall be encapsulated and isolated.
</Message>
</Rule>

<Rule Name="3.4" Mode="required" Report="warning" Id="13">
<Loc File="C:\Component\CM101A_ExcpnHndlg_Impl\src\CDD_ExcpnHndlgIrq.c" Line="98" Column="0">
</Loc>
<Message>
All uses of the #pragma directive shall be documented and explained.
</Message>
</Rule>

<Rule Name="2.1" Mode="required" Report="warning" Id="14">
<Loc File="C:\Component\CM101A_ExcpnHndlg_Impl\src\CDD_ExcpnHndlgIrq.c" Line="206" Column="5">
</Loc>
<Message>
Assembly language shall be encapsulated and isolated.
</Message>
</Rule>

<Rule Name="2.1" Mode="required" Report="warning" Id="15">
<Loc File="C:\Component\CM101A_ExcpnHndlg_Impl\src\CDD_ExcpnHndlgIrq.c" Line="207" Column="5">
</Loc>
<Message>
Assembly language shall be encapsulated and isolated.
</Message>
</Rule>

<Rule Name="2.1" Mode="required" Report="warning" Id="16">
<Loc File="C:\Component\CM101A_ExcpnHndlg_Impl\src\CDD_ExcpnHndlgIrq.c" Line="208" Column="5">
</Loc>
<Message>
Assembly language shall be encapsulated and isolated.
</Message>
</Rule>

<Rule Name="2.1" Mode="required" Report="warning" Id="17">
<Loc File="C:\Component\CM101A_ExcpnHndlg_Impl\src\CDD_ExcpnHndlgIrq.c" Line="209" Column="5">
</Loc>
<Message>
Assembly language shall be encapsulated and isolated.
</Message>
</Rule>

<Rule Name="2.1" Mode="required" Report="warning" Id="18">
<Loc File="C:\Component\CM101A_ExcpnHndlg_Impl\src\CDD_ExcpnHndlgIrq.c" Line="210" Column="5">
</Loc>
<Message>
Assembly language shall be encapsulated and isolated.
</Message>
</Rule>

<Rule Name="2.1" Mode="required" Report="warning" Id="19">
<Loc File="C:\Component\CM101A_ExcpnHndlg_Impl\src\CDD_ExcpnHndlgIrq.c" Line="211" Column="5">
</Loc>
<Message>
Assembly language shall be encapsulated and isolated.
</Message>
</Rule>

<Rule Name="3.4" Mode="required" Report="warning" Id="20">
<Loc File="C:\Component\CM101A_ExcpnHndlg_Impl\src\CDD_ExcpnHndlgIrq.c" Line="224" Column="0">
</Loc>
<Message>
All uses of the #pragma directive shall be documented and explained.
</Message>
</Rule>

<Rule Name="3.4" Mode="required" Report="warning" Id="21">
<Loc File="C:\Component\CM101A_ExcpnHndlg_Impl\src\CDD_ExcpnHndlgIrq.c" Line="265" Column="0">
</Loc>
<Message>
All uses of the #pragma directive shall be documented and explained.
</Message>
</Rule>

<Rule Name="3.4" Mode="required" Report="warning" Id="22">
<Loc File="C:\Component\CM101A_ExcpnHndlg_Impl\src\CDD_ExcpnHndlgIrq.c" Line="298" Column="0">
</Loc>
<Message>
All uses of the #pragma directive shall be documented and explained.
</Message>
</Rule>

<Rule Name="19.1" Mode="advisory" Report="warning" Id="23">
<Loc File="C:\Component\CM101A_ExcpnHndlg_Impl\src\CDD_ExcpnHndlgIrq.c" Line="306" Column="0">
</Loc>
<Message>
#include statements in a file shall only be preceded by other preprocessor directives or comments.
</Message>
</Rule>

</CodeStruct>

<CodeStruct Name="" File="C:\Component\CM101A_ExcpnHndlg_Impl\src\CDD_ExcpnHndlg.c" Line="0" Column="0">

<Rule Name="19.1" Mode="advisory" Report="warning" Id="2">
<Loc File="C:\Component\CM101A_ExcpnHndlg_Impl\src\CDD_ExcpnHndlg.c" Line="227" Column="0">
</Loc>
<Message>
#include statements in a file shall only be preceded by other preprocessor directives or comments.
</Message>
</Rule>

<Rule Name="19.1" Mode="advisory" Report="warning" Id="3">
<Loc File="C:\Component\CM101A_ExcpnHndlg_Impl\src\CDD_ExcpnHndlg.c" Line="768" Column="0">
</Loc>
<Message>
#include statements in a file shall only be preceded by other preprocessor directives or comments.
</Message>
</Rule>

<Rule Name="19.1" Mode="advisory" Report="warning" Id="4">
<Loc File="C:\Component\CM101A_ExcpnHndlg_Impl\src\CDD_ExcpnHndlg.c" Line="963" Column="0">
</Loc>
<Message>
#include statements in a file shall only be preceded by other preprocessor directives or comments.
</Message>
</Rule>

<Rule Name="19.1" Mode="advisory" Report="warning" Id="5">
<Loc File="C:\Component\CM101A_ExcpnHndlg_Impl\src\CDD_ExcpnHndlg.c" Line="970" Column="0">
</Loc>
<Message>
#include statements in a file shall only be preceded by other preprocessor directives or comments.
</Message>
</Rule>

<Rule Name="19.1" Mode="advisory" Report="warning" Id="6">
<Loc File="C:\Component\CM101A_ExcpnHndlg_Impl\src\CDD_ExcpnHndlg.c" Line="1287" Column="0">
</Loc>
<Message>
#include statements in a file shall only be preceded by other preprocessor directives or comments.
</Message>
</Rule>

</CodeStruct>

<CodeStruct Name="" File="C:\Component\CM101A_ExcpnHndlg_Impl\src\CDD_ExcpnHndlgNonRte.c" Line="0" Column="0">

<Rule Name="19.1" Mode="advisory" Report="warning" Id="1">
<Loc File="C:\Component\CM101A_ExcpnHndlg_Impl\src\CDD_ExcpnHndlgNonRte.c" Line="420" Column="0">
</Loc>
<Message>
#include statements in a file shall only be preceded by other preprocessor directives or comments.
</Message>
</Rule>

</CodeStruct>

<CodeStruct Name="GetMcuDiagcIdnData" File="C:\Component\CM101A_ExcpnHndlg_Impl\src\CDD_ExcpnHndlgNonRte.c" Line="206" Column="5">

<Rule Name="21.1" Mode="required" Report="warning" Id="24">
<Loc File="C:\Component\CM101A_ExcpnHndlg_Impl\src\CDD_ExcpnHndlgNonRte.c" Line="208" Column="16">
</Loc>
<Message>
Minimisation of run-time failures.
</Message>
</Rule>

</CodeStruct>

<CodeStruct Name="FeNmiWdg" File="C:\Component\CM101A_ExcpnHndlg_Impl\src\CDD_ExcpnHndlgNonRte.c" Line="118" Column="5">

<Rule Name="21.1" Mode="required" Report="warning" Id="25">
<Loc File="C:\Component\CM101A_ExcpnHndlg_Impl\src\CDD_ExcpnHndlgNonRte.c" Line="140" Column="33">
</Loc>
<Message>
Minimisation of run-time failures.
</Message>
</Rule>

<Rule Name="21.1" Mode="required" Report="warning" Id="26">
<Loc File="C:\Component\CM101A_ExcpnHndlg_Impl\src\CDD_ExcpnHndlgNonRte.c" Line="140" Column="51">
</Loc>
<Message>
Minimisation of run-time failures.
</Message>
</Rule>

</CodeStruct>

<CodeStruct Name="ChkForStrtUpTest_Oper" File="C:\Component\CM101A_ExcpnHndlg_Impl\src\CDD_ExcpnHndlg.c" Line="787" Column="5">

<Rule Name="21.1" Mode="required" Report="warning" Id="27">
<Loc File="C:\Component\CM101A_ExcpnHndlg_Impl\src\CDD_ExcpnHndlg.c" Line="802" Column="16">
</Loc>
<Message>
Minimisation of run-time failures.
</Message>
</Rule>

<Rule Name="21.1" Mode="required" Report="warning" Id="28">
<Loc File="C:\Component\CM101A_ExcpnHndlg_Impl\src\CDD_ExcpnHndlg.c" Line="806" Column="16">
</Loc>
<Message>
Minimisation of run-time failures.
</Message>
</Rule>

</CodeStruct>

</MISRA-C-Report>
