<?xml version="1.0" encoding="UTF-8"?>

<MISRA-C-Report version="1.3">


<CodeStruct Name="" File="C:\Component\ES002A_McuDiagc_Impl\src\CDD_McuDiagc_MotCtrl.c" Line="0" Column="0">

<Rule Name="19.1" Mode="advisory" Report="warning" Id="5">
<Loc File="C:\Component\ES002A_McuDiagc_Impl\src\CDD_McuDiagc_MotCtrl.c" Line="64" Column="0">
</Loc>
<Message>
#include statements in a file shall only be preceded by other preprocessor directives or comments.
</Message>
</Rule>

</CodeStruct>

<CodeStruct Name="" File="C:\Component\ES002A_McuDiagc_Impl\src\CDD_McuDiagc.c" Line="0" Column="0">

<Rule Name="19.1" Mode="advisory" Report="warning" Id="4">
<Loc File="C:\Component\ES002A_McuDiagc_Impl\src\CDD_McuDiagc.c" Line="806" Column="0">
</Loc>
<Message>
#include statements in a file shall only be preceded by other preprocessor directives or comments.
</Message>
</Rule>

</CodeStruct>

<CodeStruct Name="" File="C:\Component\ES002A_McuDiagc_Impl\include\CDD_McuDiagc_MotCtrl_MemMap.h" Line="0" Column="0">

<Rule Name="19.15" Mode="required" Report="warning" Id="1">
<Loc File="C:\Component\ES002A_McuDiagc_Impl\include\CDD_McuDiagc_MotCtrl_MemMap.h" Line="1" Column="0">
</Loc>
<Message>
Precautions shall be taken in order to prevent the contents of a header file being included twice.
</Message>
</Rule>

<Rule Name="19.6" Mode="required" Report="warning" Id="2">
<Loc File="C:\Component\ES002A_McuDiagc_Impl\include\CDD_McuDiagc_MotCtrl_MemMap.h" Line="25" Column="0">
</Loc>
<Message>
#undef shall not be used.
</Message>
</Rule>

<Rule Name="19.6" Mode="required" Report="warning" Id="3">
<Loc File="C:\Component\ES002A_McuDiagc_Impl\include\CDD_McuDiagc_MotCtrl_MemMap.h" Line="31" Column="0">
</Loc>
<Message>
#undef shall not be used.
</Message>
</Rule>

</CodeStruct>

<CodeStruct Name="McuDiagcPer2" File="C:\Component\ES002A_McuDiagc_Impl\src\CDD_McuDiagc.c" Line="726" Column="5">

<Rule Name="21.1" Mode="required" Report="warning" Id="6">
<Loc File="C:\Component\ES002A_McuDiagc_Impl\src\CDD_McuDiagc.c" Line="742" Column="7">
</Loc>
<Message>
Minimisation of run-time failures.
</Message>
</Rule>

<Rule Name="21.1" Mode="required" Report="warning" Id="7">
<Loc File="C:\Component\ES002A_McuDiagc_Impl\src\CDD_McuDiagc.c" Line="742" Column="30">
</Loc>
<Message>
Minimisation of run-time failures.
</Message>
</Rule>

<Rule Name="9.1" Mode="required" Report="warning" Id="8">
<Loc File="C:\Component\ES002A_McuDiagc_Impl\src\CDD_McuDiagc.c" Line="744" Column="19">
</Loc>
<Message>
All automatic variables shall have been assigned a value before being used.
</Message>
</Rule>

<Rule Name="21.1" Mode="required" Report="warning" Id="9">
<Loc File="C:\Component\ES002A_McuDiagc_Impl\src\CDD_McuDiagc.c" Line="744" Column="45">
</Loc>
<Message>
Minimisation of run-time failures.
</Message>
</Rule>

<Rule Name="21.1" Mode="required" Report="warning" Id="10">
<Loc File="C:\Component\ES002A_McuDiagc_Impl\src\CDD_McuDiagc.c" Line="758" Column="82">
</Loc>
<Message>
Minimisation of run-time failures.
</Message>
</Rule>

<Rule Name="21.1" Mode="required" Report="warning" Id="11">
<Loc File="C:\Component\ES002A_McuDiagc_Impl\src\CDD_McuDiagc.c" Line="759" Column="82">
</Loc>
<Message>
Minimisation of run-time failures.
</Message>
</Rule>

<Rule Name="21.1" Mode="required" Report="warning" Id="12">
<Loc File="C:\Component\ES002A_McuDiagc_Impl\src\CDD_McuDiagc.c" Line="761" Column="82">
</Loc>
<Message>
Minimisation of run-time failures.
</Message>
</Rule>

<Rule Name="9.1" Mode="required" Report="warning" Id="13">
<Loc File="C:\Component\ES002A_McuDiagc_Impl\src\CDD_McuDiagc.c" Line="761" Column="145">
</Loc>
<Message>
All automatic variables shall have been assigned a value before being used.
</Message>
</Rule>

<Rule Name="21.1" Mode="required" Report="warning" Id="14">
<Loc File="C:\Component\ES002A_McuDiagc_Impl\src\CDD_McuDiagc.c" Line="772" Column="94">
</Loc>
<Message>
Minimisation of run-time failures.
</Message>
</Rule>

<Rule Name="21.1" Mode="required" Report="warning" Id="15">
<Loc File="C:\Component\ES002A_McuDiagc_Impl\src\CDD_McuDiagc.c" Line="793" Column="8">
</Loc>
<Message>
Minimisation of run-time failures.
</Message>
</Rule>

<Rule Name="9.1" Mode="required" Report="warning" Id="16">
<Loc File="C:\Component\ES002A_McuDiagc_Impl\src\CDD_McuDiagc.c" Line="793" Column="53">
</Loc>
<Message>
All automatic variables shall have been assigned a value before being used.
</Message>
</Rule>

<Rule Name="21.1" Mode="required" Report="warning" Id="17">
<Loc File="C:\Component\ES002A_McuDiagc_Impl\src\CDD_McuDiagc.c" Line="795" Column="8">
</Loc>
<Message>
Minimisation of run-time failures.
</Message>
</Rule>

<Rule Name="21.1" Mode="required" Report="warning" Id="18">
<Loc File="C:\Component\ES002A_McuDiagc_Impl\src\CDD_McuDiagc.c" Line="797" Column="59">
</Loc>
<Message>
Minimisation of run-time failures.
</Message>
</Rule>

</CodeStruct>

<CodeStruct Name="McuDiagcPer1" File="C:\Component\ES002A_McuDiagc_Impl\src\CDD_McuDiagc_MotCtrl.c" Line="53" Column="5">

<Rule Name="21.1" Mode="required" Report="warning" Id="19">
<Loc File="C:\Component\ES002A_McuDiagc_Impl\src\CDD_McuDiagc_MotCtrl.c" Line="55" Column="27">
</Loc>
<Message>
Minimisation of run-time failures.
</Message>
</Rule>

<Rule Name="21.1" Mode="required" Report="warning" Id="20">
<Loc File="C:\Component\ES002A_McuDiagc_Impl\src\CDD_McuDiagc_MotCtrl.c" Line="55" Column="53">
</Loc>
<Message>
Minimisation of run-time failures.
</Message>
</Rule>

<Rule Name="21.1" Mode="required" Report="warning" Id="21">
<Loc File="C:\Component\ES002A_McuDiagc_Impl\src\CDD_McuDiagc_MotCtrl.c" Line="57" Column="37">
</Loc>
<Message>
Minimisation of run-time failures.
</Message>
</Rule>

</CodeStruct>

<CodeStruct Name="McuDiagcInit1" File="C:\Component\ES002A_McuDiagc_Impl\src\CDD_McuDiagc.c" Line="677" Column="5">

<Rule Name="21.1" Mode="required" Report="warning" Id="22">
<Loc File="C:\Component\ES002A_McuDiagc_Impl\src\CDD_McuDiagc.c" Line="683" Column="2">
</Loc>
<Message>
Minimisation of run-time failures.
</Message>
</Rule>

<Rule Name="21.1" Mode="required" Report="warning" Id="23">
<Loc File="C:\Component\ES002A_McuDiagc_Impl\src\CDD_McuDiagc.c" Line="683" Column="25">
</Loc>
<Message>
Minimisation of run-time failures.
</Message>
</Rule>

<Rule Name="21.1" Mode="required" Report="warning" Id="24">
<Loc File="C:\Component\ES002A_McuDiagc_Impl\src\CDD_McuDiagc.c" Line="684" Column="2">
</Loc>
<Message>
Minimisation of run-time failures.
</Message>
</Rule>

<Rule Name="21.1" Mode="required" Report="warning" Id="25">
<Loc File="C:\Component\ES002A_McuDiagc_Impl\src\CDD_McuDiagc.c" Line="685" Column="2">
</Loc>
<Message>
Minimisation of run-time failures.
</Message>
</Rule>

</CodeStruct>

</MISRA-C-Report>
