<?xml version="1.0" encoding="UTF-8"?>
<!--EDRS Version 1.0-->
<global>
   <file name="C:\\Component\\AR202A_MicroCtrlrSuprt_Impl\\include\\P1M\\NxtrMcuSuprtLib.h" comment="">
      <function name="WrProtdRegEcm_u32" comment="" line="1106" main_generator_called="MAIN_GENERATOR" attributes="static">
         <scalar name="arg1" comment="" line="1106" base_type="uint32" attributes="static" complete_type="uint32" init_mode="MAIN_GENERATOR" init_modes_allowed="10" init_range="min..max" global_assert="unsupported" assert_range="unsupported"/>
         <pointer name="arg2" comment="" line="1106" attributes="static" complete_type="volatile uint32 *" init_mode="MAIN_GENERATOR" init_modes_allowed="10" initialize_pointer="May-be NULL" number_allocated="max" init_pointed="unsupported">
            <scalar comment="" line="1106" base_type="uint32" attributes="volatile static" complete_type="uint32" init_mode="unsupported" init_range="unsupported" global_assert="unsupported" assert_range="unsupported"/>
         </pointer>
      </function>
      <function name="WrProtdRegEcmc_u08" comment="" line="939" main_generator_called="MAIN_GENERATOR" attributes="static">
         <scalar name="arg1" comment="" line="939" base_type="uint8" attributes="static" complete_type="uint8" init_mode="MAIN_GENERATOR" init_modes_allowed="10" init_range="min..max" global_assert="unsupported" assert_range="unsupported"/>
         <pointer name="arg2" comment="" line="939" attributes="static" complete_type="volatile uint8 *" init_mode="MAIN_GENERATOR" init_modes_allowed="10" initialize_pointer="May-be NULL" number_allocated="max" init_pointed="unsupported">
            <scalar comment="" line="939" base_type="uint8" attributes="volatile static" complete_type="uint8" init_mode="unsupported" init_range="unsupported" global_assert="unsupported" assert_range="unsupported"/>
         </pointer>
      </function>
      <function name="WrProtdRegEcmm_u08" comment="" line="883" main_generator_called="MAIN_GENERATOR" attributes="static">
         <scalar name="arg1" comment="" line="883" base_type="uint8" attributes="static" complete_type="uint8" init_mode="MAIN_GENERATOR" init_modes_allowed="10" init_range="min..max" global_assert="unsupported" assert_range="unsupported"/>
         <pointer name="arg2" comment="" line="883" attributes="static" complete_type="volatile uint8 *" init_mode="MAIN_GENERATOR" init_modes_allowed="10" initialize_pointer="May-be NULL" number_allocated="max" init_pointed="unsupported">
            <scalar comment="" line="883" base_type="uint8" attributes="volatile static" complete_type="uint8" init_mode="unsupported" init_range="unsupported" global_assert="unsupported" assert_range="unsupported"/>
         </pointer>
      </function>
   </file>
   <file name="C:\\Component\\AR202A_MicroCtrlrSuprt_Impl\\include\\P1M\\R7F701311\\ecm_regs.h" comment="">
      <struct name="ECM" comment="" line="687" attributes="volatile extern">
         <struct name="EMK0" comment="" line="687" attributes="volatile extern">
            <scalar name="UINT32" comment="" line="687" base_type="uint32" attributes="volatile extern" complete_type="uint32" init_mode="PERMANENT" init_modes_allowed="4" init_range="min..max" global_assert="disabled" assert_range="disabled"/>
         </struct>
         <struct name="ESSTC0" comment="" line="687" attributes="volatile extern">
            <scalar name="UINT32" comment="" line="687" base_type="uint32" attributes="volatile extern" complete_type="uint32" init_mode="PERMANENT" init_modes_allowed="4" init_range="min..max" global_assert="disabled" assert_range="disabled"/>
         </struct>
         <struct name="ESSTC1" comment="" line="687" attributes="volatile extern">
            <scalar name="UINT32" comment="" line="687" base_type="uint32" attributes="volatile extern" complete_type="uint32" init_mode="PERMANENT" init_modes_allowed="4" init_range="min..max" global_assert="disabled" assert_range="disabled"/>
         </struct>
         <struct name="IRCFG0" comment="" line="687" attributes="volatile extern">
            <scalar name="UINT32" comment="" line="687" base_type="uint32" attributes="volatile extern" complete_type="uint32" init_mode="PERMANENT" init_modes_allowed="4" init_range="min..max" global_assert="disabled" assert_range="disabled"/>
         </struct>
         <struct name="IRCFG1" comment="" line="687" attributes="volatile extern">
            <scalar name="UINT32" comment="" line="687" base_type="uint32" attributes="volatile extern" complete_type="uint32" init_mode="PERMANENT" init_modes_allowed="4" init_range="min..max" global_assert="disabled" assert_range="disabled"/>
         </struct>
         <struct name="MICFG0" comment="" line="687" attributes="volatile extern">
            <scalar name="UINT32" comment="" line="687" base_type="uint32" attributes="volatile extern" complete_type="uint32" init_mode="PERMANENT" init_modes_allowed="4" init_range="min..max" global_assert="disabled" assert_range="disabled"/>
         </struct>
         <struct name="MICFG1" comment="" line="687" attributes="volatile extern">
            <scalar name="UINT32" comment="" line="687" base_type="uint32" attributes="volatile extern" complete_type="uint32" init_mode="PERMANENT" init_modes_allowed="4" init_range="min..max" global_assert="disabled" assert_range="disabled"/>
         </struct>
         <struct name="NMICFG0" comment="" line="687" attributes="volatile extern">
            <scalar name="UINT32" comment="" line="687" base_type="uint32" attributes="volatile extern" complete_type="uint32" init_mode="PERMANENT" init_modes_allowed="4" init_range="min..max" global_assert="disabled" assert_range="disabled"/>
         </struct>
         <struct name="NMICFG1" comment="" line="687" attributes="volatile extern">
            <scalar name="UINT32" comment="" line="687" base_type="uint32" attributes="volatile extern" complete_type="uint32" init_mode="PERMANENT" init_modes_allowed="4" init_range="min..max" global_assert="disabled" assert_range="disabled"/>
         </struct>
         <struct name="PCMD1" comment="" line="687" attributes="volatile extern">
            <scalar name="UINT32" comment="" line="687" base_type="uint32" attributes="volatile extern" complete_type="uint32" init_mode="PERMANENT" init_modes_allowed="4" init_range="min..max" global_assert="disabled" assert_range="disabled"/>
         </struct>
         <struct name="PE0" comment="" line="687" attributes="volatile extern">
            <scalar name="UINT32" comment="" line="687" base_type="uint32" attributes="volatile extern" complete_type="uint32" init_mode="PERMANENT" init_modes_allowed="4" init_range="min..max" global_assert="disabled" assert_range="disabled"/>
         </struct>
         <struct name="PE1" comment="" line="687" attributes="volatile extern">
            <scalar name="UINT32" comment="" line="687" base_type="uint32" attributes="volatile extern" complete_type="uint32" init_mode="PERMANENT" init_modes_allowed="4" init_range="min..max" global_assert="disabled" assert_range="disabled"/>
         </struct>
         <struct name="PS" comment="" line="687" attributes="volatile extern const">
            <scalar name="UINT8" comment="" line="687" base_type="uint8" attributes="volatile extern const" complete_type="uint8" init_mode="PERMANENT" init_modes_allowed="4" init_range="min..max" global_assert="disabled" assert_range="disabled"/>
         </struct>
      </struct>
      <struct name="ECMC" comment="" line="686" attributes="volatile extern">
         <struct name="ECLR" comment="" line="686" attributes="volatile extern">
            <scalar name="UINT8" comment="" line="686" base_type="uint8" attributes="volatile extern" complete_type="uint8" init_mode="PERMANENT" init_modes_allowed="4" init_range="min..max" global_assert="disabled" assert_range="disabled"/>
         </struct>
         <struct name="ESET" comment="" line="686" attributes="volatile extern">
            <scalar name="UINT8" comment="" line="686" base_type="uint8" attributes="volatile extern" complete_type="uint8" init_mode="PERMANENT" init_modes_allowed="4" init_range="min..max" global_assert="disabled" assert_range="disabled"/>
         </struct>
         <struct name="ESSTR0" comment="" line="686" attributes="volatile extern const">
            <scalar name="UINT32" comment="" line="686" base_type="uint32" attributes="volatile extern const" complete_type="uint32" init_mode="PERMANENT" init_modes_allowed="4" init_range="min..max" global_assert="disabled" assert_range="disabled"/>
         </struct>
         <struct name="ESSTR1" comment="" line="686" attributes="volatile extern const">
            <struct name="BIT" comment="" line="686" attributes="volatile extern const">
               <scalar name="SSE110" comment="" line="686" base_type="uint1" attributes="volatile extern const" complete_type="uint1" init_mode="PERMANENT" init_modes_allowed="4" init_range="min..max" global_assert="disabled" assert_range="disabled"/>
               <scalar name="SSE131" comment="" line="686" base_type="uint1" attributes="volatile extern const" complete_type="uint1" init_mode="PERMANENT" init_modes_allowed="4" init_range="min..max" global_assert="disabled" assert_range="disabled"/>
            </struct>
            <scalar name="UINT32" comment="" line="686" base_type="uint32" attributes="volatile extern const" complete_type="uint32" init_mode="PERMANENT" init_modes_allowed="4" init_range="min..max" global_assert="disabled" assert_range="disabled"/>
         </struct>
         <struct name="PCMD0" comment="" line="686" attributes="volatile extern">
            <scalar name="UINT32" comment="" line="686" base_type="uint32" attributes="volatile extern" complete_type="uint32" init_mode="PERMANENT" init_modes_allowed="4" init_range="min..max" global_assert="disabled" assert_range="disabled"/>
         </struct>
      </struct>
      <struct name="ECMM" comment="" line="685" attributes="volatile extern">
         <struct name="ECLR" comment="" line="685" attributes="volatile extern">
            <scalar name="UINT8" comment="" line="685" base_type="uint8" attributes="volatile extern" complete_type="uint8" init_mode="PERMANENT" init_modes_allowed="4" init_range="min..max" global_assert="disabled" assert_range="disabled"/>
         </struct>
         <struct name="ESET" comment="" line="685" attributes="volatile extern">
            <scalar name="UINT8" comment="" line="685" base_type="uint8" attributes="volatile extern" complete_type="uint8" init_mode="PERMANENT" init_modes_allowed="4" init_range="min..max" global_assert="disabled" assert_range="disabled"/>
         </struct>
         <struct name="ESSTR0" comment="" line="685" attributes="volatile extern const">
            <scalar name="UINT32" comment="" line="685" base_type="uint32" attributes="volatile extern const" complete_type="uint32" init_mode="PERMANENT" init_modes_allowed="4" init_range="min..max" global_assert="disabled" assert_range="disabled"/>
         </struct>
         <struct name="ESSTR1" comment="" line="685" attributes="volatile extern const">
            <struct name="BIT" comment="" line="685" attributes="volatile extern const">
               <scalar name="SSE110" comment="" line="685" base_type="uint1" attributes="volatile extern const" complete_type="uint1" init_mode="PERMANENT" init_modes_allowed="4" init_range="min..max" global_assert="disabled" assert_range="disabled"/>
               <scalar name="SSE131" comment="" line="685" base_type="uint1" attributes="volatile extern const" complete_type="uint1" init_mode="PERMANENT" init_modes_allowed="4" init_range="min..max" global_assert="disabled" assert_range="disabled"/>
            </struct>
            <scalar name="UINT32" comment="" line="685" base_type="uint32" attributes="volatile extern const" complete_type="uint32" init_mode="PERMANENT" init_modes_allowed="4" init_range="min..max" global_assert="disabled" assert_range="disabled"/>
         </struct>
         <struct name="PCMD0" comment="" line="685" attributes="volatile extern">
            <scalar name="UINT32" comment="" line="685" base_type="uint32" attributes="volatile extern" complete_type="uint32" init_mode="PERMANENT" init_modes_allowed="4" init_range="min..max" global_assert="disabled" assert_range="disabled"/>
         </struct>
      </struct>
   </file>
   <file name="C:\\Component\\AR202A_MicroCtrlrSuprt_Impl\\include\\P1M\\R7F701311\\intc_regs.h" comment="">
      <struct name="INTC1" comment="" line="6044" attributes="volatile extern">
         <struct name="EIC8" comment="" line="6044" attributes="volatile extern">
            <scalar name="UINT16" comment="" line="6044" base_type="uint16" attributes="volatile extern" complete_type="uint16" init_mode="PERMANENT" init_modes_allowed="4" init_range="min..max" global_assert="disabled" assert_range="disabled"/>
         </struct>
      </struct>
   </file>
   <file name="C:\\Component\\CM101A_ExcpnHndlg_Impl\\include\\CDD_ExcpnHndlg.h" comment="">
      <function name="ChkForStrtUpTest_Oper" comment="" line="153" main_generator_called="disabled" attributes="extern">
         <pointer name="arg1" comment="" line="153" complete_type="uint8 *" init_mode="disabled" initialize_pointer="disabled" number_allocated="disabled" init_pointed="MULTI">
            <scalar comment="" line="153" base_type="uint8" complete_type="uint8" init_mode="PERMANENT" init_modes_allowed="4" init_range="min..max" global_assert="unsupported" assert_range="unsupported"/>
         </pointer>
      </function>
      <function name="GetMcuDiagcIdnData" comment="" line="124" main_generator_called="disabled" attributes="extern">
         <pointer name="arg1" comment="" line="124" complete_type="uint32 *" init_mode="disabled" initialize_pointer="disabled" number_allocated="disabled" init_pointed="MULTI">
            <scalar comment="" line="124" base_type="uint32" complete_type="uint32" init_mode="PERMANENT" init_modes_allowed="4" init_range="min..max" global_assert="unsupported" assert_range="unsupported"/>
         </pointer>
      </function>
      <function name="SetMcuDiagcIdnData" comment="" line="122" main_generator_called="disabled" attributes="extern">
         <scalar name="arg1" comment="" line="122" base_type="uint32" complete_type="uint32" init_mode="disabled" init_range="disabled" global_assert="unsupported" assert_range="unsupported"/>
         <scalar name="arg2" comment="" line="122" base_type="uint32" complete_type="uint32" init_mode="disabled" init_range="disabled" global_assert="unsupported" assert_range="unsupported"/>
      </function>
   </file>
   <file name="C:\\Component\\CM104A_EcmOutpAndDiagc_Impl\\src\\CDD_EcmOutpAndDiagc.c" comment="">
      <function name="CtrlErrOut_Oper" comment="" line="79" main_generator_called="MAIN_GENERATOR">
         <scalar name="arg1" comment="" line="79" base_type="uint8" complete_type="uint8" init_mode="MAIN_GENERATOR" init_modes_allowed="10" init_range="min..max" global_assert="unsupported" assert_range="unsupported"/>
         <scalar name="arg2" comment="" line="79" base_type="uint8" complete_type="uint8" init_mode="MAIN_GENERATOR" init_modes_allowed="10" init_range="min..max" global_assert="unsupported" assert_range="unsupported"/>
      </function>
      <function name="EcmOutpAndDiagcInit2" comment="" line="160" main_generator_called="MAIN_GENERATOR" attributes="unused"/>
   </file>
   <file name="C:\\Component\\CM104A_EcmOutpAndDiagc_Impl\\src\\CDD_EcmOutpAndDiagcNonRte.c" comment="">
      <function name="EcmOutpAndDiagcInit1" comment="" line="56" main_generator_called="MAIN_GENERATOR" attributes="unused"/>
      <function name="EcmOutpAndDiagcInit3" comment="" line="118" main_generator_called="MAIN_GENERATOR" attributes="unused"/>
      <function name="EcmOutpAndDiagcInit4" comment="" line="222" main_generator_called="MAIN_GENERATOR" attributes="unused"/>
   </file>
   <file name="C:\\Component\\CM104A_EcmOutpAndDiagc_Impl\\tools\\contract\\Os.h" comment="">
      <function name="osPsysClearICRReq" comment="" line="17" main_generator_called="disabled" attributes="extern">
         <scalar name="arg1" comment="" line="17" base_type="uint32" complete_type="uint32" init_mode="disabled" init_range="disabled" global_assert="unsupported" assert_range="unsupported"/>
      </function>
      <function name="osPsysClearIMR" comment="" line="20" main_generator_called="disabled" attributes="extern">
         <scalar name="arg1" comment="" line="20" base_type="uint16" complete_type="uint16" init_mode="disabled" init_range="disabled" global_assert="unsupported" assert_range="unsupported"/>
      </function>
      <function name="osPsysGetIMR" comment="" line="18" main_generator_called="disabled" attributes="extern">
         <scalar name="arg1" comment="" line="18" base_type="uint16" complete_type="uint16" init_mode="disabled" init_range="disabled" global_assert="unsupported" assert_range="unsupported"/>
         <scalar name="return" comment="" line="18" base_type="uint8" complete_type="uint8" init_mode="PERMANENT" init_modes_allowed="4" init_range="min..max" global_assert="unsupported" assert_range="unsupported"/>
      </function>
      <function name="osPsysSetIMR" comment="" line="19" main_generator_called="disabled" attributes="extern">
         <scalar name="arg1" comment="" line="19" base_type="uint16" complete_type="uint16" init_mode="disabled" init_range="disabled" global_assert="unsupported" assert_range="unsupported"/>
      </function>
   </file>
</global>
