<?xml version="1.0" encoding="UTF-8"?>
<!--EDRS Version 1.0-->
<global>
   <file name="C:\\Component\\AR100A_NxtrMath_Impl\\include\\NxtrMath.h" comment="">
      <function name="Abslt_f32_f32" comment="" line="205" main_generator_called="MAIN_GENERATOR" attributes="static">
         <scalar name="arg1" comment="" line="205" base_type="float32" attributes="static" complete_type="float32" init_mode="MAIN_GENERATOR" init_modes_allowed="10" init_range="min..max" global_assert="unsupported" assert_range="unsupported"/>
         <scalar name="return" comment="" line="205" base_type="float32" attributes="static" complete_type="float32" init_mode="disabled" init_range="disabled" global_assert="unsupported" assert_range="unsupported"/>
      </function>
      <function name="Exp_f32" comment="" line="584" main_generator_called="MAIN_GENERATOR" attributes="static">
         <scalar name="arg1" comment="" line="584" base_type="float32" attributes="static" complete_type="float32" init_mode="MAIN_GENERATOR" init_modes_allowed="10" init_range="min..max" global_assert="unsupported" assert_range="unsupported"/>
         <scalar name="return" comment="" line="584" base_type="float32" attributes="static" complete_type="float32" init_mode="disabled" init_range="disabled" global_assert="unsupported" assert_range="unsupported"/>
      </function>
      <function name="Lim_f32" comment="" line="532" main_generator_called="MAIN_GENERATOR" attributes="static">
         <scalar name="arg1" comment="" line="532" base_type="float32" attributes="static" complete_type="float32" init_mode="MAIN_GENERATOR" init_modes_allowed="10" init_range="min..max" global_assert="unsupported" assert_range="unsupported"/>
         <scalar name="arg2" comment="" line="532" base_type="float32" attributes="static" complete_type="float32" init_mode="MAIN_GENERATOR" init_modes_allowed="10" init_range="min..max" global_assert="unsupported" assert_range="unsupported"/>
         <scalar name="arg3" comment="" line="532" base_type="float32" attributes="static" complete_type="float32" init_mode="MAIN_GENERATOR" init_modes_allowed="10" init_range="min..max" global_assert="unsupported" assert_range="unsupported"/>
         <scalar name="return" comment="" line="532" base_type="float32" attributes="static" complete_type="float32" init_mode="disabled" init_range="disabled" global_assert="unsupported" assert_range="unsupported"/>
      </function>
   </file>
   <file name="C:\\Component\\AR101A_NxtrIntrpn_Impl\\include\\NxtrIntrpn.h" comment="">
      <function name="LnrIntrpn_u16_u16VariXu16VariY" comment="" line="43" main_generator_called="disabled" attributes="extern">
         <pointer name="arg1" comment="" line="43" complete_type="const uint16 *" init_mode="disabled" initialize_pointer="disabled" number_allocated="disabled" init_pointed="disabled">
            <scalar comment="" line="43" base_type="uint16" attributes="const" complete_type="uint16" init_mode="disabled" init_range="disabled" global_assert="unsupported" assert_range="unsupported"/>
         </pointer>
         <pointer name="arg2" comment="" line="43" complete_type="const uint16 *" init_mode="disabled" initialize_pointer="disabled" number_allocated="disabled" init_pointed="disabled">
            <scalar comment="" line="43" base_type="uint16" attributes="const" complete_type="uint16" init_mode="disabled" init_range="disabled" global_assert="unsupported" assert_range="unsupported"/>
         </pointer>
         <scalar name="arg3" comment="" line="43" base_type="uint16" complete_type="uint16" init_mode="disabled" init_range="disabled" global_assert="unsupported" assert_range="unsupported"/>
         <scalar name="arg4" comment="" line="43" base_type="uint16" complete_type="uint16" init_mode="disabled" init_range="disabled" global_assert="unsupported" assert_range="unsupported"/>
         <scalar name="return" comment="" line="43" base_type="uint16" complete_type="uint16" init_mode="PERMANENT" init_modes_allowed="4" init_range="min..max" global_assert="unsupported" assert_range="unsupported"/>
      </function>
   </file>
   <file name="C:\\Component\\AR103A_NxtrFixdPt_Impl\\include\\NxtrFixdPt.h" comment="">
      <function name="FixdToFloat_f32_u16" comment="" line="331" main_generator_called="MAIN_GENERATOR" attributes="static">
         <scalar name="arg1" comment="" line="331" base_type="uint16" attributes="static" complete_type="uint16" init_mode="MAIN_GENERATOR" init_modes_allowed="10" init_range="min..max" global_assert="unsupported" assert_range="unsupported"/>
         <scalar name="arg2" comment="" line="331" base_type="float32" attributes="static" complete_type="float32" init_mode="MAIN_GENERATOR" init_modes_allowed="10" init_range="min..max" global_assert="unsupported" assert_range="unsupported"/>
         <scalar name="return" comment="" line="331" base_type="float32" attributes="static" complete_type="float32" init_mode="disabled" init_range="disabled" global_assert="unsupported" assert_range="unsupported"/>
      </function>
      <function name="FloatToFixd_u16_f32" comment="" line="275" main_generator_called="MAIN_GENERATOR" attributes="static">
         <scalar name="arg1" comment="" line="275" base_type="float32" attributes="static" complete_type="float32" init_mode="MAIN_GENERATOR" init_modes_allowed="10" init_range="min..max" global_assert="unsupported" assert_range="unsupported"/>
         <scalar name="arg2" comment="" line="275" base_type="float32" attributes="static" complete_type="float32" init_mode="MAIN_GENERATOR" init_modes_allowed="10" init_range="min..max" global_assert="unsupported" assert_range="unsupported"/>
         <scalar name="return" comment="" line="275" base_type="uint16" attributes="static" complete_type="uint16" init_mode="disabled" init_range="disabled" global_assert="unsupported" assert_range="unsupported"/>
      </function>
   </file>
   <file name="C:\\Component\\AR104A_NxtrFil_Impl\\include\\NxtrFil.h" comment="">
      <function name="FilLpInit" comment="" line="125" main_generator_called="MAIN_GENERATOR" attributes="static">
         <scalar name="arg1" comment="" line="125" base_type="float32" attributes="static" complete_type="float32" init_mode="MAIN_GENERATOR" init_modes_allowed="10" init_range="min..max" global_assert="unsupported" assert_range="unsupported"/>
         <scalar name="arg2" comment="" line="125" base_type="float32" attributes="static" complete_type="float32" init_mode="MAIN_GENERATOR" init_modes_allowed="10" init_range="min..max" global_assert="unsupported" assert_range="unsupported"/>
         <scalar name="arg3" comment="" line="125" base_type="float32" attributes="static" complete_type="float32" init_mode="MAIN_GENERATOR" init_modes_allowed="10" init_range="min..max" global_assert="unsupported" assert_range="unsupported"/>
         <pointer name="arg4" comment="" line="125" attributes="static" complete_type="struct  *" init_mode="MAIN_GENERATOR" init_modes_allowed="10" initialize_pointer="May-be NULL" number_allocated="max" init_pointed="MAIN_GENERATOR">
            <struct comment="" line="125" attributes="static">
               <scalar name="FilGain" comment="" line="125" base_type="float32" attributes="static" complete_type="float32" init_mode="MAIN_GENERATOR" init_modes_allowed="10" init_range="min..max" global_assert="unsupported" assert_range="unsupported"/>
               <scalar name="FilSt" comment="" line="125" base_type="float32" attributes="static" complete_type="float32" init_mode="MAIN_GENERATOR" init_modes_allowed="10" init_range="min..max" global_assert="unsupported" assert_range="unsupported"/>
            </struct>
         </pointer>
      </function>
      <function name="FilLpUpdGain" comment="" line="82" main_generator_called="MAIN_GENERATOR" attributes="static">
         <scalar name="arg1" comment="" line="82" base_type="float32" attributes="static" complete_type="float32" init_mode="MAIN_GENERATOR" init_modes_allowed="10" init_range="min..max" global_assert="unsupported" assert_range="unsupported"/>
         <scalar name="arg2" comment="" line="82" base_type="float32" attributes="static" complete_type="float32" init_mode="MAIN_GENERATOR" init_modes_allowed="10" init_range="min..max" global_assert="unsupported" assert_range="unsupported"/>
         <pointer name="arg3" comment="" line="82" attributes="static" complete_type="struct  *" init_mode="MAIN_GENERATOR" init_modes_allowed="10" initialize_pointer="May-be NULL" number_allocated="max" init_pointed="MAIN_GENERATOR">
            <struct comment="" line="82" attributes="static">
               <scalar name="FilGain" comment="" line="82" base_type="float32" attributes="static" complete_type="float32" init_mode="MAIN_GENERATOR" init_modes_allowed="10" init_range="min..max" global_assert="unsupported" assert_range="unsupported"/>
               <scalar name="FilSt" comment="" line="82" base_type="float32" attributes="static" complete_type="float32" init_mode="MAIN_GENERATOR" init_modes_allowed="10" init_range="min..max" global_assert="unsupported" assert_range="unsupported"/>
            </struct>
         </pointer>
      </function>
      <function name="FilLpUpdOutp_f32" comment="" line="103" main_generator_called="MAIN_GENERATOR" attributes="static">
         <scalar name="arg1" comment="" line="103" base_type="float32" attributes="static" complete_type="float32" init_mode="MAIN_GENERATOR" init_modes_allowed="10" init_range="min..max" global_assert="unsupported" assert_range="unsupported"/>
         <pointer name="arg2" comment="" line="103" attributes="static" complete_type="struct  *" init_mode="MAIN_GENERATOR" init_modes_allowed="10" initialize_pointer="May-be NULL" number_allocated="max" init_pointed="MAIN_GENERATOR">
            <struct comment="" line="103" attributes="static">
               <scalar name="FilGain" comment="" line="103" base_type="float32" attributes="static" complete_type="float32" init_mode="MAIN_GENERATOR" init_modes_allowed="10" init_range="min..max" global_assert="unsupported" assert_range="unsupported"/>
               <scalar name="FilSt" comment="" line="103" base_type="float32" attributes="static" complete_type="float32" init_mode="MAIN_GENERATOR" init_modes_allowed="10" init_range="min..max" global_assert="unsupported" assert_range="unsupported"/>
            </struct>
         </pointer>
         <scalar name="return" comment="" line="103" base_type="float32" attributes="static" complete_type="float32" init_mode="disabled" init_range="disabled" global_assert="unsupported" assert_range="unsupported"/>
      </function>
   </file>
   <file name="C:\\Component\\SF017A_HiLoadStallLimr_Impl\\src\\HiLoadStallLimr.c" comment="">
      <function name="HiLoadStallLimrInit1" comment="" line="141" main_generator_called="MAIN_GENERATOR" attributes="unused"/>
      <function name="HiLoadStallLimrPer1" comment="" line="181" main_generator_called="MAIN_GENERATOR" attributes="unused"/>
   </file>
   <file name="C:\\Component\\SF017A_HiLoadStallLimr_Impl\\tools\\contract\\Rte_HiLoadStallLimr.h" comment="">
      <pointer name="Rte_Inst_HiLoadStallLimr" comment="" line="62" attributes="extern const" complete_type="const struct Rte_CDS_HiLoadStallLimr *" init_mode="INIT" init_modes_allowed="2" initialize_pointer="May-be NULL" number_allocated="max" init_pointed="MULTI">
         <struct comment="" line="62" complete_type="struct Rte_CDS_HiLoadStallLimr" attributes="extern const">
            <pointer name="Pim_StallMotTqCmdFil" comment="" line="62" attributes="extern const" complete_type="struct  *" init_mode="INIT" init_modes_allowed="2" initialize_pointer="May-be NULL" number_allocated="max" init_pointed="MULTI">
               <struct comment="" line="62" attributes="extern">
                  <scalar name="FilGain" comment="" line="62" base_type="float32" attributes="extern" complete_type="float32" init_mode="INIT" init_modes_allowed="2" init_range="min..max" global_assert="unsupported" assert_range="unsupported"/>
                  <scalar name="FilSt" comment="" line="62" base_type="float32" attributes="extern" complete_type="float32" init_mode="INIT" init_modes_allowed="2" init_range="min..max" global_assert="unsupported" assert_range="unsupported"/>
               </struct>
            </pointer>
            <pointer name="Pim_StallMotTqLimPrev" comment="" line="62" attributes="extern const" complete_type="float32 *" init_mode="INIT" init_modes_allowed="2" initialize_pointer="May-be NULL" number_allocated="max" init_pointed="MULTI">
               <scalar comment="" line="62" base_type="float32" attributes="extern" complete_type="float32" init_mode="INIT" init_modes_allowed="2" init_range="min..max" global_assert="unsupported" assert_range="unsupported"/>
            </pointer>
            <pointer name="Pim_dHiLoadStallLimrStallMotTqCmd" comment="" line="62" attributes="extern const" complete_type="float32 *" init_mode="INIT" init_modes_allowed="2" initialize_pointer="May-be NULL" number_allocated="max" init_pointed="MULTI">
               <scalar comment="" line="62" base_type="float32" attributes="extern" complete_type="float32" init_mode="INIT" init_modes_allowed="2" init_range="min..max" global_assert="unsupported" assert_range="unsupported"/>
            </pointer>
            <pointer name="Pim_dHiLoadStallLimrStallMotTqCmdFild" comment="" line="62" attributes="extern const" complete_type="float32 *" init_mode="INIT" init_modes_allowed="2" initialize_pointer="May-be NULL" number_allocated="max" init_pointed="MULTI">
               <scalar comment="" line="62" base_type="float32" attributes="extern" complete_type="float32" init_mode="INIT" init_modes_allowed="2" init_range="min..max" global_assert="unsupported" assert_range="unsupported"/>
            </pointer>
            <pointer name="Pim_dHiLoadStallLimrStallMotTqLim" comment="" line="62" attributes="extern const" complete_type="float32 *" init_mode="INIT" init_modes_allowed="2" initialize_pointer="May-be NULL" number_allocated="max" init_pointed="MULTI">
               <scalar comment="" line="62" base_type="float32" attributes="extern" complete_type="float32" init_mode="INIT" init_modes_allowed="2" init_range="min..max" global_assert="unsupported" assert_range="unsupported"/>
            </pointer>
         </struct>
      </pointer>
      <function name="Rte_Prm_HiLoadStallLimr_HiLoadStallLimrMotTqCmdFilFrq_Val" comment="" line="90" main_generator_called="disabled" attributes="extern">
         <scalar name="return" comment="" line="90" base_type="float32" complete_type="float32" init_mode="PERMANENT" init_modes_allowed="4" init_range="min..max" global_assert="unsupported" assert_range="unsupported"/>
      </function>
      <function name="Rte_Prm_HiLoadStallLimr_HiLoadStallLimrMotVelMgnThd_Val" comment="" line="91" main_generator_called="disabled" attributes="extern">
         <scalar name="return" comment="" line="91" base_type="float32" complete_type="float32" init_mode="PERMANENT" init_modes_allowed="4" init_range="min..max" global_assert="unsupported" assert_range="unsupported"/>
      </function>
      <function name="Rte_Prm_HiLoadStallLimr_HiLoadStallLimrStallMotTqCmdLimX_Ary1D" comment="" line="94" main_generator_called="disabled" attributes="extern">
         <pointer name="return" comment="" line="94" complete_type="const uint16 *" init_mode="PERMANENT" init_modes_allowed="4" initialize_pointer="May-be NULL" number_allocated="max" init_pointed="MULTI">
            <scalar comment="" line="94" base_type="uint16" attributes="const" complete_type="uint16" init_mode="PERMANENT" init_modes_allowed="4" init_range="min..max" global_assert="unsupported" assert_range="unsupported"/>
         </pointer>
      </function>
      <function name="Rte_Prm_HiLoadStallLimr_HiLoadStallLimrStallMotTqCmdLimY_Ary1D" comment="" line="99" main_generator_called="disabled" attributes="extern">
         <pointer name="return" comment="" line="99" complete_type="const uint16 *" init_mode="PERMANENT" init_modes_allowed="4" initialize_pointer="May-be NULL" number_allocated="max" init_pointed="MULTI">
            <scalar comment="" line="99" base_type="uint16" attributes="const" complete_type="uint16" init_mode="PERMANENT" init_modes_allowed="4" init_range="min..max" global_assert="unsupported" assert_range="unsupported"/>
         </pointer>
      </function>
      <function name="Rte_Prm_HiLoadStallLimr_HiLoadStallLimrStallMotTqLimSlewRate_Val" comment="" line="92" main_generator_called="disabled" attributes="extern">
         <scalar name="return" comment="" line="92" base_type="float32" complete_type="float32" init_mode="PERMANENT" init_modes_allowed="4" init_range="min..max" global_assert="unsupported" assert_range="unsupported"/>
      </function>
      <function name="Rte_Read_HiLoadStallLimr_MotTqCmdLimdPreStall_Val" comment="" line="86" main_generator_called="disabled" attributes="extern">
         <pointer name="arg1" comment="" line="86" complete_type="float32 *" init_mode="disabled" initialize_pointer="disabled" number_allocated="disabled" init_pointed="MULTI">
            <scalar comment="" line="86" base_type="float32" complete_type="float32" init_mode="PERMANENT" init_modes_allowed="4" init_range="min..max" global_assert="unsupported" assert_range="unsupported"/>
         </pointer>
         <scalar name="return" comment="" line="86" base_type="uint8" complete_type="uint8" init_mode="PERMANENT" init_modes_allowed="4" init_range="min..max" global_assert="unsupported" assert_range="unsupported"/>
      </function>
      <function name="Rte_Read_HiLoadStallLimr_MotVelCrf_Val" comment="" line="87" main_generator_called="disabled" attributes="extern">
         <pointer name="arg1" comment="" line="87" complete_type="float32 *" init_mode="disabled" initialize_pointer="disabled" number_allocated="disabled" init_pointed="MULTI">
            <scalar comment="" line="87" base_type="float32" complete_type="float32" init_mode="PERMANENT" init_modes_allowed="4" init_range="min..max" global_assert="unsupported" assert_range="unsupported"/>
         </pointer>
         <scalar name="return" comment="" line="87" base_type="uint8" complete_type="uint8" init_mode="PERMANENT" init_modes_allowed="4" init_range="min..max" global_assert="unsupported" assert_range="unsupported"/>
      </function>
      <function name="Rte_Read_HiLoadStallLimr_StallMotTqLimDi_Logl" comment="" line="88" main_generator_called="disabled" attributes="extern">
         <pointer name="arg1" comment="" line="88" complete_type="uint8 *" init_mode="disabled" initialize_pointer="disabled" number_allocated="disabled" init_pointed="MULTI">
            <scalar comment="" line="88" base_type="uint8" complete_type="uint8" init_mode="PERMANENT" init_modes_allowed="4" init_range="min..max" global_assert="unsupported" assert_range="unsupported"/>
         </pointer>
         <scalar name="return" comment="" line="88" base_type="uint8" complete_type="uint8" init_mode="PERMANENT" init_modes_allowed="4" init_range="min..max" global_assert="unsupported" assert_range="unsupported"/>
      </function>
      <function name="Rte_Write_HiLoadStallLimr_StallMotTqLim_Val" comment="" line="89" main_generator_called="disabled" attributes="extern">
         <scalar name="arg1" comment="" line="89" base_type="float32" complete_type="float32" init_mode="disabled" init_range="disabled" global_assert="unsupported" assert_range="unsupported"/>
         <scalar name="return" comment="" line="89" base_type="uint8" complete_type="uint8" init_mode="PERMANENT" init_modes_allowed="4" init_range="min..max" global_assert="unsupported" assert_range="unsupported"/>
      </function>
   </file>
   <file name="C:\\Component\\TL103A_CplrSuprt\\include\\2013.5.5\\ansi\\math.h" comment="">
      <function name="expf" comment="" line="731" main_generator_called="disabled" attributes="extern">
         <scalar name="arg1" comment="" line="731" base_type="float32" complete_type="float32" init_mode="disabled" init_range="disabled" global_assert="unsupported" assert_range="unsupported"/>
         <scalar name="return" comment="" line="731" base_type="float32" complete_type="float32" init_mode="PERMANENT" init_modes_allowed="4" init_range="min..max" global_assert="unsupported" assert_range="unsupported"/>
      </function>
      <function name="fabsf" comment="" line="742" main_generator_called="disabled" attributes="extern">
         <scalar name="arg1" comment="" line="742" base_type="float32" complete_type="float32" init_mode="disabled" init_range="disabled" global_assert="unsupported" assert_range="unsupported"/>
         <scalar name="return" comment="" line="742" base_type="float32" complete_type="float32" init_mode="PERMANENT" init_modes_allowed="4" init_range="min..max" global_assert="unsupported" assert_range="unsupported"/>
      </function>
   </file>
</global>
