<?xml version="1.0" encoding="UTF-8"?>

<MISRA-C-Report version="1.3">


<CodeStruct Name="" File="C:\Component\CM320A_Adc1CfgAndUse_Impl\src\CDD_Adc1CfgAndUse.c" Line="0" Column="0">

<Rule Name="19.1" Mode="advisory" Report="warning" Id="1">
<Loc File="C:\Component\CM320A_Adc1CfgAndUse_Impl\src\CDD_Adc1CfgAndUse.c" Line="325" Column="0">
</Loc>
<Message>
#include statements in a file shall only be preceded by other preprocessor directives or comments.
</Message>
</Rule>

</CodeStruct>

<CodeStruct Name="Adc1CfgAndUsePer2" File="C:\Component\CM320A_Adc1CfgAndUse_Impl\src\CDD_Adc1CfgAndUse.c" Line="273" Column="5">

<Rule Name="9.1" Mode="required" Report="warning" Id="2">
<Loc File="C:\Component\CM320A_Adc1CfgAndUse_Impl\src\CDD_Adc1CfgAndUse.c" Line="287" Column="12">
</Loc>
<Message>
All automatic variables shall have been assigned a value before being used.
</Message>
</Rule>

<Rule Name="21.1" Mode="required" Report="warning" Id="3">
<Loc File="C:\Component\CM320A_Adc1CfgAndUse_Impl\src\CDD_Adc1CfgAndUse.c" Line="287" Column="45">
</Loc>
<Message>
Minimisation of run-time failures.
</Message>
</Rule>

<Rule Name="21.1" Mode="required" Report="warning" Id="4">
<Loc File="C:\Component\CM320A_Adc1CfgAndUse_Impl\src\CDD_Adc1CfgAndUse.c" Line="287" Column="74">
</Loc>
<Message>
Minimisation of run-time failures.
</Message>
</Rule>

<Rule Name="9.1" Mode="required" Report="warning" Id="5">
<Loc File="C:\Component\CM320A_Adc1CfgAndUse_Impl\src\CDD_Adc1CfgAndUse.c" Line="288" Column="17">
</Loc>
<Message>
All automatic variables shall have been assigned a value before being used.
</Message>
</Rule>

<Rule Name="21.1" Mode="required" Report="warning" Id="6">
<Loc File="C:\Component\CM320A_Adc1CfgAndUse_Impl\src\CDD_Adc1CfgAndUse.c" Line="288" Column="49">
</Loc>
<Message>
Minimisation of run-time failures.
</Message>
</Rule>

<Rule Name="9.1" Mode="required" Report="warning" Id="7">
<Loc File="C:\Component\CM320A_Adc1CfgAndUse_Impl\src\CDD_Adc1CfgAndUse.c" Line="293" Column="17">
</Loc>
<Message>
All automatic variables shall have been assigned a value before being used.
</Message>
</Rule>

<Rule Name="21.1" Mode="required" Report="warning" Id="8">
<Loc File="C:\Component\CM320A_Adc1CfgAndUse_Impl\src\CDD_Adc1CfgAndUse.c" Line="302" Column="24">
</Loc>
<Message>
Minimisation of run-time failures.
</Message>
</Rule>

</CodeStruct>

<CodeStruct Name="Adc1CfgAndUseInit1" File="C:\Component\CM320A_Adc1CfgAndUse_Impl\src\CDD_Adc1CfgAndUse.c" Line="132" Column="5">

<Rule Name="21.1" Mode="required" Report="warning" Id="9">
<Loc File="C:\Component\CM320A_Adc1CfgAndUse_Impl\src\CDD_Adc1CfgAndUse.c" Line="216" Column="8">
</Loc>
<Message>
Minimisation of run-time failures.
</Message>
</Rule>

<Rule Name="21.1" Mode="required" Report="warning" Id="10">
<Loc File="C:\Component\CM320A_Adc1CfgAndUse_Impl\src\CDD_Adc1CfgAndUse.c" Line="216" Column="37">
</Loc>
<Message>
Minimisation of run-time failures.
</Message>
</Rule>

<Rule Name="21.1" Mode="required" Report="warning" Id="11">
<Loc File="C:\Component\CM320A_Adc1CfgAndUse_Impl\src\CDD_Adc1CfgAndUse.c" Line="217" Column="8">
</Loc>
<Message>
Minimisation of run-time failures.
</Message>
</Rule>

</CodeStruct>

</MISRA-C-Report>
