<?xml version="1.0" encoding="UTF-8"?>

<project name="Polyspace" files="2" includes="37" ap_cg_cycle="0" ap_cg_direct_cycle="0" pshv="0" unpshv="0">
<file name="C:\Component\CM107A_GuardCfgAndDiagc_Impl\src\CDD_GuardCfgAndDiagcNonRte.c" total_lines="966" lines_without_cmt="554" comf="73" fco="20">
<function name="Vrfy8BitPBGRegAcs" path="8" goto="0" vg="5" calling="1" calls="3" param="1" stmt="39" level="3" return="0" vocf="4.8" flin="78" fxln="22" ncalls="6">
</function>
<function name="Vrfy16BitPBGRegAcs" path="6" goto="0" vg="4" calling="1" calls="3" param="1" stmt="20" level="2" return="0" vocf="4.1" flin="59" fxln="19" ncalls="6">
</function>
<function name="Vrfy32BitPBGRegAcs" path="8" goto="0" vg="5" calling="1" calls="3" param="1" stmt="25" level="3" return="0" vocf="4.2" flin="70" fxln="22" ncalls="6">
</function>
<function name="ChkForECMErr" path="4" goto="0" vg="3" calling="3" calls="1" param="1" stmt="5" level="1" return="0" vocf="3.3" flin="16" fxln="5" ncalls="1">
</function>
<function name="ChkForPBGErr" path="4" goto="0" vg="3" calling="3" calls="0" param="1" stmt="5" level="1" return="0" vocf="3.1" flin="14" fxln="5" ncalls="0">
</function>
<function name="ConfigureFilterN" path="2" goto="0" vg="2" calling="3" calls="0" param="3" stmt="3" level="1" return="0" vocf="2.0" flin="8" fxln="3" ncalls="0">
</function>
<function name="GuardCfgAndDiagcInit3" path="12" goto="0" vg="6" calling="0" calls="7" param="0" stmt="22" level="2" return="0" vocf="4.3" flin="58" fxln="20" ncalls="8">
</function>
<function name="IpgInin" path="1" goto="0" vg="1" calling="0" calls="0" param="0" stmt="5" level="1" return="0" vocf="8.5" flin="29" fxln="16" ncalls="0">
</function>
<function name="PbgInin" path="1" goto="0" vg="1" calling="1" calls="0" param="0" stmt="61" level="1" return="0" vocf="10.5" flin="363" fxln="242" ncalls="0">
</function>
<function name="PegInin" path="1" goto="0" vg="1" calling="1" calls="0" param="0" stmt="5" level="1" return="0" vocf="5.2" flin="21" fxln="19" ncalls="0">
</function>
<function name="GuardCfgAndDiagcInit1" path="1" goto="0" vg="1" calling="0" calls="3" param="0" stmt="3" level="1" return="0" vocf="1.9" flin="5" fxln="3" ncalls="3">
</function>
<function name="NxtrSwRstFromExcpn" path="6" goto="0" vg="4" calling="0" calls="4" param="2" stmt="10" level="2" return="0" vocf="2.8" flin="0" fxln="0" ncalls="6">
</function>
<function name="NxtrSwRst" path="2" goto="0" vg="2" calling="0" calls="2" param="2" stmt="4" level="1" return="0" vocf="1.6" flin="0" fxln="0" ncalls="2">
</function>
<function name="WrProtdRegFlmd_u32" path="3" goto="0" vg="3" calling="0" calls="4" param="2" stmt="18" level="2" return="0" vocf="4.0" flin="0" fxln="0" ncalls="4">
</function>
<function name="WrProtdRegEcm_u32" path="3" goto="0" vg="3" calling="3" calls="4" param="2" stmt="18" level="2" return="0" vocf="3.9" flin="0" fxln="0" ncalls="4">
</function>
<function name="WrProtdRegEcm_u16" path="3" goto="0" vg="3" calling="0" calls="4" param="2" stmt="18" level="2" return="0" vocf="3.9" flin="0" fxln="0" ncalls="4">
</function>
<function name="WrProtdRegEcm_u08" path="3" goto="0" vg="3" calling="0" calls="4" param="2" stmt="18" level="2" return="0" vocf="3.9" flin="0" fxln="0" ncalls="4">
</function>
<function name="WrProtdRegEcmc_u08" path="3" goto="0" vg="3" calling="0" calls="4" param="2" stmt="18" level="2" return="0" vocf="3.8" flin="0" fxln="0" ncalls="4">
</function>
<function name="WrProtdRegEcmm_u08" path="3" goto="0" vg="3" calling="0" calls="4" param="2" stmt="18" level="2" return="0" vocf="3.8" flin="0" fxln="0" ncalls="4">
</function>
<function name="WrProtdRegClma3_u08" path="3" goto="0" vg="3" calling="0" calls="4" param="2" stmt="18" level="2" return="0" vocf="3.8" flin="0" fxln="0" ncalls="4">
</function>
<function name="WrProtdRegClma2_u08" path="3" goto="0" vg="3" calling="0" calls="4" param="2" stmt="18" level="2" return="0" vocf="3.8" flin="0" fxln="0" ncalls="4">
</function>
<function name="WrProtdRegClma1_u08" path="3" goto="0" vg="3" calling="0" calls="4" param="2" stmt="18" level="2" return="0" vocf="3.8" flin="0" fxln="0" ncalls="4">
</function>
<function name="WrProtdRegClma0_u08" path="3" goto="0" vg="3" calling="0" calls="4" param="2" stmt="18" level="2" return="0" vocf="3.8" flin="0" fxln="0" ncalls="4">
</function>
<function name="WrProtdRegSysClmac_u32" path="3" goto="0" vg="3" calling="0" calls="4" param="2" stmt="18" level="2" return="0" vocf="4.0" flin="0" fxln="0" ncalls="4">
</function>
<function name="WrProtdRegSys_u32" path="3" goto="0" vg="3" calling="0" calls="4" param="2" stmt="18" level="2" return="0" vocf="4.0" flin="0" fxln="0" ncalls="4">
</function>
<function name="WrProtdRegSys_u08" path="3" goto="0" vg="3" calling="0" calls="4" param="2" stmt="18" level="2" return="0" vocf="4.0" flin="0" fxln="0" ncalls="4">
</function>
<function name="WrProtdRegPort5_u32" path="3" goto="0" vg="3" calling="0" calls="4" param="2" stmt="18" level="2" return="0" vocf="4.0" flin="0" fxln="0" ncalls="4">
</function>
<function name="WrProtdRegPort4_u32" path="3" goto="0" vg="3" calling="0" calls="4" param="2" stmt="18" level="2" return="0" vocf="4.0" flin="0" fxln="0" ncalls="4">
</function>
<function name="WrProtdRegPort3_u32" path="3" goto="0" vg="3" calling="0" calls="4" param="2" stmt="18" level="2" return="0" vocf="4.0" flin="0" fxln="0" ncalls="4">
</function>
<function name="WrProtdRegPort2_u32" path="3" goto="0" vg="3" calling="0" calls="4" param="2" stmt="18" level="2" return="0" vocf="4.0" flin="0" fxln="0" ncalls="4">
</function>
<function name="WrProtdRegPort1_u32" path="3" goto="0" vg="3" calling="0" calls="4" param="2" stmt="18" level="2" return="0" vocf="4.0" flin="0" fxln="0" ncalls="4">
</function>
<function name="WrProtdRegPort0_u32" path="3" goto="0" vg="3" calling="0" calls="4" param="2" stmt="18" level="2" return="0" vocf="4.0" flin="0" fxln="0" ncalls="4">
</function>
<function name="WrProtdRegPortJ_u32" path="3" goto="0" vg="3" calling="0" calls="4" param="2" stmt="18" level="2" return="0" vocf="7.0" flin="0" fxln="0" ncalls="4">
</function>
</file>
<file name="C:\Component\CM107A_GuardCfgAndDiagc_Impl\src\CDD_GuardCfgAndDiagc.c" total_lines="106" lines_without_cmt="9" comf="100" fco="0">
<function name="GuardCfgAndDiagcInit2" path="1" goto="0" vg="1" calling="0" calls="0" param="0" stmt="0" level="1" return="0" vocf="1.2" flin="11" fxln="0" ncalls="0">
</function>
</file>
</project>
